truck_id,lon,lat,time,unixtime,index,alternatives_count,waypoint_index,matchings_index,name,distance,hint,lon_match,lat_match,matching_confidence,distance_traveled,duration,osm_nodes,osm_speeds,osm_durations,osm_distances,n_osm_points,speed,outlier,is_moving,x_match,y_match,cluster_id
XE-5629T,103.6484723,1.33051517,2020-10-19 13:58:32,1603115912,0,3.0,0.0,0.0,,17.41684,dS8CAHgvAoCyAAAAPAAAAAAAAABSAAAApwOUQhAKx0EAAAAACEsHQrIAAAA8AAAAAAAAAFIAAACDCwAAbIwtBuFMFADYjC0GU00UAAAAXwi8byAW,103.648364,1.330401,,,,,,,,,,False,False,7416.427516418113,34735.27134718858,0
XE-5629T,103.6484938,1.33050583,2020-10-19 13:58:37,1603115917,1,,,0.0,,,,103.648364,1.330401,,,,,,,,,,True,False,7416.427516418113,34735.27134718858,0
XE-5629T,103.6484828,1.33050483,2020-10-19 13:58:42,1603115922,2,,,0.0,,,,103.648364,1.330401,,,,,,,,,,True,False,7416.427516418113,34735.27134718858,0
XE-5629T,103.6484861,1.33052417,2020-10-19 13:58:47,1603115927,3,,,0.0,,,,103.648364,1.330401,,,,,,,,,,True,False,7416.427516418113,34735.27134718858,0
XE-5629T,103.6483965,1.3304885,2020-10-19 13:58:53,1603115933,4,3.0,1.0,0.0,,9.572705,dS8CAHgvAoCoAAAARgAAAAAAAABSAAAA1wKMQkAN50EAAAAACEsHQqgAAABGAAAAAAAAAFIAAACDCwAAUowtBvpMFACNjC0GOU0UAAAAXwi8byAW,103.648338,1.330426,0.0,4.0,1.0,"[5270389041, 5270389040]",[4],[1],[4.011302],2.0,4.0,False,False,7413.534176721892,34738.03595043947,0
XE-5629T,103.64831,1.330488,2020-10-19 13:58:58,1603115938,5,,,0.0,,,,103.648338,1.330426,,,,,,,,,,True,False,7413.534176721892,34738.03595043947,0
XE-5629T,103.6482855,1.3304975,2020-10-19 13:59:03,1603115943,6,,,0.0,,,,103.648338,1.330426,,,,,,,,,,True,False,7413.534176721892,34738.03595043947,0
XE-5629T,103.6482798,1.33050733,2020-10-19 13:59:08,1603115948,7,,,0.0,,,,103.648338,1.330426,,,,,,,,,,True,False,7413.534176721892,34738.03595043947,0
XE-5629T,103.648266,1.33051583,2020-10-19 13:59:13,1603115953,8,13.0,2.0,0.0,,1.7256669999999998,dS8CAHgvAoCKAAAAZAAAAAAAAABSAAAAgCtlQtFgJkIAAAAACEsHQooAAABkAAAAAAAAAFIAAACDCwAA_4stBklNFAAKjC0GVE0UAAAAXwi8byAW,103.648255,1.3305049999999998,0.0,12.7,3.0,"[5270389041, 5270389040]",[4.2],[3],[12.743198],2.0,4.233333333333333,False,False,7404.297739843867,34746.7721039816,0
XE-5629T,103.6482571,1.33051733,2020-10-19 13:59:18,1603115958,9,,,0.0,,,,103.648255,1.3305049999999998,,,,,,,,,,True,False,7404.297739843867,34746.7721039816,0
XE-5629T,103.6482526,1.3305225,2020-10-19 13:59:23,1603115963,10,,,0.0,,,,103.648255,1.3305049999999998,,,,,,,,,,True,False,7404.297739843867,34746.7721039816,0
XE-5629T,103.6482421,1.33052233,2020-10-19 13:59:28,1603115968,11,,,0.0,,,,103.648255,1.3305049999999998,,,,,,,,,,True,False,7404.297739843867,34746.7721039816,0
XE-5629T,103.6482385,1.330522,2020-10-19 13:59:33,1603115973,12,,,0.0,,,,103.648255,1.3305049999999998,,,,,,,,,,True,False,7404.297739843867,34746.7721039816,0
XE-5629T,103.6482356,1.330523,2020-10-19 13:59:38,1603115978,13,,,0.0,,,,103.648255,1.3305049999999998,,,,,,,,,,True,False,7404.297739843867,34746.7721039816,0
XE-5629T,103.6482285,1.33052017,2020-10-19 13:59:43,1603115983,14,,,0.0,,,,103.648255,1.3305049999999998,,,,,,,,,,True,False,7404.297739843867,34746.7721039816,0
XE-5629T,103.6482366,1.33052183,2020-10-19 13:59:48,1603115988,15,,,0.0,,,,103.648255,1.3305049999999998,,,,,,,,,,True,False,7404.297739843867,34746.7721039816,0
XE-5629T,103.6482405,1.330522,2020-10-19 13:59:53,1603115993,16,,,0.0,,,,103.648255,1.3305049999999998,,,,,,,,,,True,False,7404.297739843867,34746.7721039816,0
XE-5629T,103.6482398,1.33051717,2020-10-19 13:59:59,1603115999,17,,,0.0,,,,103.648255,1.3305049999999998,,,,,,,,,,True,False,7404.297739843867,34746.7721039816,0
XE-5629T,103.6482393,1.3305165,2020-10-19 14:00:04,1603116004,18,,,0.0,,,,103.648255,1.3305049999999998,,,,,,,,,,True,False,7404.297739843867,34746.7721039816,0
XE-5629T,103.6482458,1.33052333,2020-10-19 14:00:09,1603116009,19,,,0.0,,,,103.648255,1.3305049999999998,,,,,,,,,,True,False,7404.297739843867,34746.7721039816,0
XE-5629T,103.6482615,1.33053417,2020-10-19 14:00:15,1603116015,20,,,0.0,,,,103.648255,1.3305049999999998,,,,,,,,,,True,False,7404.297739843867,34746.7721039816,0
XE-5629T,103.64814,1.3305095,2020-10-19 16:33:14,1603125194,21,1.0,0.0,1.0,,34.182247,OCIBgDkiAYA_AAAAAAAAALUAAAAAAAAALGvSQQAAAAD11JVCAAAAAD8AAAAAAAAAtQAAAAAAAACDCwAAlIwtBuxNFACMiy0GTk0UAAUA7w28byAW,103.648404,1.330668,,,,,,,,,,False,False,7420.881339756717,34764.79465969556,1
XE-5629T,103.6481708,1.3305355,2020-10-19 16:33:20,1603125200,22,,,1.0,,,,103.648404,1.330668,,,,,,,,,,True,False,7420.881339756717,34764.79465969556,1
XE-5629T,103.6481948,1.33053017,2020-10-19 16:33:25,1603125205,23,,,1.0,,,,103.648404,1.330668,,,,,,,,,,True,False,7420.881339756717,34764.79465969556,1
XE-5629T,103.6482191,1.33052717,2020-10-19 16:33:31,1603125211,24,,,1.0,,,,103.648404,1.330668,,,,,,,,,,True,False,7420.881339756717,34764.79465969556,1
XE-5629T,103.6482308,1.330523,2020-10-19 16:33:36,1603125216,25,,,1.0,,,,103.648404,1.330668,,,,,,,,,,True,False,7420.881339756717,34764.79465969556,1
XE-5629T,103.6482346,1.33051883,2020-10-19 16:33:42,1603125222,26,,,1.0,,,,103.648404,1.330668,,,,,,,,,,True,False,7420.881339756717,34764.79465969556,1
XE-5629T,103.6482351,1.33051717,2020-10-19 16:33:47,1603125227,27,,,1.0,,,,103.648404,1.330668,,,,,,,,,,True,False,7420.881339756717,34764.79465969556,1
XE-5629T,103.64823309999998,1.33051417,2020-10-19 16:33:52,1603125232,28,,,1.0,,,,103.648404,1.330668,,,,,,,,,,True,False,7420.881339756717,34764.79465969556,1
XE-5629T,103.6482315,1.33051133,2020-10-19 16:33:57,1603125237,29,,,1.0,,,,103.648404,1.330668,,,,,,,,,,True,False,7420.881339756717,34764.79465969556,1
XE-5629T,103.6482275,1.33050617,2020-10-19 16:34:08,1603125248,30,,,1.0,,,,103.648404,1.330668,,,,,,,,,,True,False,7420.881339756717,34764.79465969556,1
XE-5629T,103.6482273,1.33050183,2020-10-19 16:34:13,1603125253,31,,,1.0,,,,103.648404,1.330668,,,,,,,,,,True,False,7420.881339756717,34764.79465969556,1
XE-5629T,103.6482283,1.330497,2020-10-19 16:34:18,1603125258,32,,,1.0,,,,103.648404,1.330668,,,,,,,,,,True,False,7420.881339756717,34764.79465969556,1
XE-5629T,103.6482326,1.3304955,2020-10-19 16:34:23,1603125263,33,1.0,1.0,1.0,,26.904321000000003,OCIBgDkiAQA_AAAAAAAAALUAAAAAAAAALGvSQQAAAAD11JVCAAAAAD8AAAAAAAAAtQAAAAAAAACDCwAAlIwtBuxNFADpiy0GQE0UAAUA7w28byAW,103.648404,1.330668,0.0,0.0,0.0,"[5270389039, 4491946736]",[0],[0],[0],2.0,,False,False,7420.881339756717,34764.79465969556,1
XE-5629T,103.6482338,1.330495,2020-10-19 16:34:29,1603125269,34,,,1.0,,,,103.648404,1.330668,,,,,,,,,,True,False,7420.881339756717,34764.79465969556,1
XE-5629T,103.64823,1.330495,2020-10-19 16:34:34,1603125274,35,,,1.0,,,,103.648404,1.330668,,,,,,,,,,True,False,7420.881339756717,34764.79465969556,1
XE-5629T,103.6482196,1.33049333,2020-10-19 16:34:39,1603125279,36,,,1.0,,,,103.648404,1.330668,,,,,,,,,,True,False,7420.881339756717,34764.79465969556,1
XE-5629T,103.6481998,1.33048833,2020-10-19 16:34:44,1603125284,37,,,1.0,,,,103.648404,1.330668,,,,,,,,,,True,False,7420.881339756717,34764.79465969556,1
XE-5629T,103.648187,1.3304865,2020-10-19 16:34:49,1603125289,38,,,1.0,,,,103.648404,1.330668,,,,,,,,,,True,False,7420.881339756717,34764.79465969556,1
XE-5629T,103.648172,1.3304815,2020-10-19 16:34:54,1603125294,39,,,1.0,,,,103.648404,1.330668,,,,,,,,,,True,False,7420.881339756717,34764.79465969556,1
XE-5629T,103.6481605,1.33047483,2020-10-19 16:34:59,1603125299,40,,,1.0,,,,103.648404,1.330668,,,,,,,,,,True,False,7420.881339756717,34764.79465969556,1
XE-5629T,103.6481525,1.33046667,2020-10-19 16:35:05,1603125305,41,,,1.0,,,,103.648404,1.330668,,,,,,,,,,True,False,7420.881339756717,34764.79465969556,1
XE-5629T,103.6481541,1.33045383,2020-10-19 16:35:15,1603125315,42,,,1.0,,,,103.648404,1.330668,,,,,,,,,,True,False,7420.881339756717,34764.79465969556,1
XE-5629T,103.648164,1.33044817,2020-10-19 16:35:21,1603125321,43,,,1.0,,,,103.648404,1.330668,,,,,,,,,,True,False,7420.881339756717,34764.79465969556,1
XE-5629T,103.6481713,1.33044233,2020-10-19 16:35:26,1603125326,44,,,1.0,,,,103.648404,1.330668,,,,,,,,,,True,False,7420.881339756717,34764.79465969556,1
XE-5629T,103.6481806,1.330441,2020-10-19 16:35:31,1603125331,45,,,1.0,,,,103.648404,1.330668,,,,,,,,,,True,False,7420.881339756717,34764.79465969556,1
XE-5629T,103.6481938,1.33044533,2020-10-19 16:35:37,1603125337,46,1.0,2.0,1.0,,33.972922,OCIBgDkiAYA_AAAAAAAAALUAAAAAAAAALGvSQQAAAAD11JVCAAAAAD8AAAAAAAAAtQAAAAAAAACDCwAAlIwtBuxNFADCiy0GDU0UAAUA7w28byAW,103.648404,1.330668,0.0,0.0,0.0,"[5270389039, 4491946736]",[0],[0],[0],2.0,,False,False,7420.881339756717,34764.79465969556,1
XE-5629T,103.6482001,1.33045133,2020-10-19 16:35:42,1603125342,47,,,1.0,,,,103.648404,1.330668,,,,,,,,,,True,False,7420.881339756717,34764.79465969556,1
XE-5629T,103.6482065,1.330458,2020-10-19 16:35:48,1603125348,48,,,1.0,,,,103.648404,1.330668,,,,,,,,,,True,False,7420.881339756717,34764.79465969556,1
XE-5629T,103.6482111,1.3304605,2020-10-19 16:35:53,1603125353,49,,,1.0,,,,103.648404,1.330668,,,,,,,,,,True,False,7420.881339756717,34764.79465969556,1
XE-5629T,103.648215,1.33046417,2020-10-19 16:35:58,1603125358,50,,,1.0,,,,103.648404,1.330668,,,,,,,,,,True,False,7420.881339756717,34764.79465969556,1
XE-5629T,103.6482181,1.33047283,2020-10-19 16:36:03,1603125363,51,,,1.0,,,,103.648404,1.330668,,,,,,,,,,True,False,7420.881339756717,34764.79465969556,1
XE-5629T,103.6482238,1.330484,2020-10-19 16:36:09,1603125369,52,,,1.0,,,,103.648404,1.330668,,,,,,,,,,True,False,7420.881339756717,34764.79465969556,1
XE-5629T,103.6482311,1.330489,2020-10-19 16:36:14,1603125374,53,,,1.0,,,,103.648404,1.330668,,,,,,,,,,True,False,7420.881339756717,34764.79465969556,1
XE-5629T,103.6482396,1.33049617,2020-10-19 16:36:19,1603125379,54,,,1.0,,,,103.648404,1.330668,,,,,,,,,,True,False,7420.881339756717,34764.79465969556,1
XE-5629T,103.648248,1.33049767,2020-10-19 16:36:24,1603125384,55,,,1.0,,,,103.648404,1.330668,,,,,,,,,,True,False,7420.881339756717,34764.79465969556,1
XE-5629T,103.6482533,1.330495,2020-10-19 16:36:29,1603125389,56,,,1.0,,,,103.648404,1.330668,,,,,,,,,,True,False,7420.881339756717,34764.79465969556,1
XE-5629T,103.6482543,1.33049333,2020-10-19 16:36:34,1603125394,57,,,1.0,,,,103.648404,1.330668,,,,,,,,,,True,False,7420.881339756717,34764.79465969556,1
XE-5629T,103.6482558,1.33049433,2020-10-19 16:36:40,1603125400,58,,,1.0,,,,103.648404,1.330668,,,,,,,,,,True,False,7420.881339756717,34764.79465969556,1
XE-5629T,103.6482585,1.33050317,2020-10-19 16:36:45,1603125405,59,,,1.0,,,,103.648404,1.330668,,,,,,,,,,True,False,7420.881339756717,34764.79465969556,1
XE-5629T,103.6482603,1.33051617,2020-10-19 16:36:51,1603125411,60,,,1.0,,,,103.648404,1.330668,,,,,,,,,,True,False,7420.881339756717,34764.79465969556,1
XE-5629T,103.6482591,1.3305305,2020-10-19 16:36:56,1603125416,61,,,1.0,,,,103.648404,1.330668,,,,,,,,,,True,False,7420.881339756717,34764.79465969556,1
XE-5629T,103.6482646,1.330541,2020-10-19 16:37:01,1603125421,62,1.0,3.0,1.0,,20.892234,OCIBgDkiAQA_AAAAAAAAALUAAAAAAAAALGvSQQAAAAD11JVCAAAAAD8AAAAAAAAAtQAAAAAAAACDCwAAlIwtBuxNFAAJjC0GbU0UAAUA7w28byAW,103.648404,1.330668,0.0,0.0,0.0,"[5270389039, 4491946736]",[0],[0],[0],2.0,,False,False,7420.881339756717,34764.79465969556,1
XE-5629T,103.648267,1.330551,2020-10-19 16:37:06,1603125426,63,,,1.0,,,,103.648404,1.330668,,,,,,,,,,True,False,7420.881339756717,34764.79465969556,1
XE-5629T,103.6482678,1.33056033,2020-10-19 16:37:17,1603125437,64,,,1.0,,,,103.648404,1.330668,,,,,,,,,,True,False,7420.881339756717,34764.79465969556,1
XE-5629T,103.6482686,1.33055817,2020-10-19 16:37:22,1603125442,65,,,1.0,,,,103.648404,1.330668,,,,,,,,,,True,False,7420.881339756717,34764.79465969556,1
XE-5629T,103.6482735,1.3305515,2020-10-19 16:37:28,1603125448,66,,,1.0,,,,103.648404,1.330668,,,,,,,,,,True,False,7420.881339756717,34764.79465969556,1
XE-5629T,103.6482825,1.33054833,2020-10-19 16:37:33,1603125453,67,,,1.0,,,,103.648404,1.330668,,,,,,,,,,True,False,7420.881339756717,34764.79465969556,1
XE-5629T,103.6482895,1.330544,2020-10-19 16:37:38,1603125458,68,,,1.0,,,,103.648404,1.330668,,,,,,,,,,True,False,7420.881339756717,34764.79465969556,1
XE-5629T,103.64829509999998,1.33053717,2020-10-19 16:37:44,1603125464,69,,,1.0,,,,103.648404,1.330668,,,,,,,,,,True,False,7420.881339756717,34764.79465969556,1
XE-5629T,103.648297,1.33053333,2020-10-19 16:37:50,1603125470,70,,,1.0,,,,103.648404,1.330668,,,,,,,,,,True,False,7420.881339756717,34764.79465969556,1
XE-5629T,103.6482971,1.33053117,2020-10-19 16:37:55,1603125475,71,,,1.0,,,,103.648404,1.330668,,,,,,,,,,True,False,7420.881339756717,34764.79465969556,1
XE-5629T,103.6483008,1.33052567,2020-10-19 16:38:00,1603125480,72,,,1.0,,,,103.648404,1.330668,,,,,,,,,,True,False,7420.881339756717,34764.79465969556,1
XE-5629T,103.6483063,1.33052,2020-10-19 16:38:06,1603125486,73,,,1.0,,,,103.648404,1.330668,,,,,,,,,,True,False,7420.881339756717,34764.79465969556,1
XE-5629T,103.648308,1.33051467,2020-10-19 16:38:12,1603125492,74,,,1.0,,,,103.648404,1.330668,,,,,,,,,,True,False,7420.881339756717,34764.79465969556,1
XE-5629T,103.648307,1.330512,2020-10-19 16:38:18,1603125498,75,,,1.0,,,,103.648404,1.330668,,,,,,,,,,True,False,7420.881339756717,34764.79465969556,1
XE-5629T,103.6483138,1.330512,2020-10-19 16:38:24,1603125504,76,,,1.0,,,,103.648404,1.330668,,,,,,,,,,True,False,7420.881339756717,34764.79465969556,1
XE-5629T,103.6483238,1.33051217,2020-10-19 16:38:30,1603125510,77,,,1.0,,,,103.648404,1.330668,,,,,,,,,,True,False,7420.881339756717,34764.79465969556,1
XE-5629T,103.6483316,1.33051033,2020-10-19 16:38:36,1603125516,78,,,1.0,,,,103.648404,1.330668,,,,,,,,,,True,False,7420.881339756717,34764.79465969556,1
XE-5629T,103.648339,1.33051183,2020-10-19 16:38:42,1603125522,79,,,1.0,,,,103.648404,1.330668,,,,,,,,,,True,False,7420.881339756717,34764.79465969556,1
XE-5629T,103.64834609999998,1.33051417,2020-10-19 16:38:48,1603125528,80,,,1.0,,,,103.648404,1.330668,,,,,,,,,,True,False,7420.881339756717,34764.79465969556,1
XE-5629T,103.6483526,1.33051483,2020-10-19 16:38:53,1603125533,81,,,1.0,,,,103.648404,1.330668,,,,,,,,,,True,False,7420.881339756717,34764.79465969556,1
XE-5629T,103.6483536,1.33051817,2020-10-19 16:38:58,1603125538,82,1.0,4.0,1.0,,17.493781,OCIBgDkiAYA_AAAAAAAAALUAAAAAAAAALGvSQQAAAAD11JVCAAAAAD8AAAAAAAAAtQAAAAAAAACDCwAAlIwtBuxNFABijC0GVk0UAAUA7w28byAW,103.648404,1.330668,0.0,0.0,0.0,"[5270389039, 4491946736]",[0],[0],[0],2.0,,False,False,7420.881339756717,34764.79465969556,1
XE-5629T,103.6483565,1.33052217,2020-10-19 16:39:03,1603125543,83,,,1.0,,,,103.648404,1.330668,,,,,,,,,,True,False,7420.881339756717,34764.79465969556,1
XE-5629T,103.6483526,1.33052467,2020-10-19 16:39:08,1603125548,84,,,1.0,,,,103.648404,1.330668,,,,,,,,,,True,False,7420.881339756717,34764.79465969556,1
XE-5629T,103.6483505,1.33052583,2020-10-19 16:39:14,1603125554,85,,,1.0,,,,103.648404,1.330668,,,,,,,,,,True,False,7420.881339756717,34764.79465969556,1
XE-5629T,103.6483468,1.3305255,2020-10-19 16:39:19,1603125559,86,,,1.0,,,,103.648404,1.330668,,,,,,,,,,True,False,7420.881339756717,34764.79465969556,1
XE-5629T,103.6483421,1.33052417,2020-10-19 16:39:24,1603125564,87,,,1.0,,,,103.648404,1.330668,,,,,,,,,,True,False,7420.881339756717,34764.79465969556,1
XE-5629T,103.64834,1.33052467,2020-10-19 16:39:30,1603125570,88,,,1.0,,,,103.648404,1.330668,,,,,,,,,,True,False,7420.881339756717,34764.79465969556,1
XE-5629T,103.648341,1.3305255,2020-10-19 16:39:36,1603125576,89,,,1.0,,,,103.648404,1.330668,,,,,,,,,,True,False,7420.881339756717,34764.79465969556,1
XE-5629T,103.6483511,1.33052367,2020-10-19 16:39:48,1603125588,90,,,1.0,,,,103.648404,1.330668,,,,,,,,,,True,False,7420.881339756717,34764.79465969556,1
XE-5629T,103.6483501,1.33052467,2020-10-19 16:39:53,1603125593,91,,,1.0,,,,103.648404,1.330668,,,,,,,,,,True,False,7420.881339756717,34764.79465969556,1
XE-5629T,103.6483453,1.33052433,2020-10-19 16:39:59,1603125599,92,,,1.0,,,,103.648404,1.330668,,,,,,,,,,True,False,7420.881339756717,34764.79465969556,1
XE-5629T,103.648336,1.3305205,2020-10-19 16:40:04,1603125604,93,,,1.0,,,,103.648404,1.330668,,,,,,,,,,True,False,7420.881339756717,34764.79465969556,1
XE-5629T,103.6483276,1.33051917,2020-10-19 16:40:09,1603125609,94,,,1.0,,,,103.648404,1.330668,,,,,,,,,,True,False,7420.881339756717,34764.79465969556,1
XE-5629T,103.6483223,1.33052,2020-10-19 16:40:14,1603125614,95,,,1.0,,,,103.648404,1.330668,,,,,,,,,,True,False,7420.881339756717,34764.79465969556,1
XE-5629T,103.648319,1.3305209999999998,2020-10-19 16:40:19,1603125619,96,,,1.0,,,,103.648404,1.330668,,,,,,,,,,True,False,7420.881339756717,34764.79465969556,1
XE-5629T,103.6483175,1.33052533,2020-10-19 16:40:24,1603125624,97,,,1.0,,,,103.648404,1.330668,,,,,,,,,,True,False,7420.881339756717,34764.79465969556,1
XE-5629T,103.648322,1.33053033,2020-10-19 16:40:30,1603125630,98,,,1.0,,,,103.648404,1.330668,,,,,,,,,,True,False,7420.881339756717,34764.79465969556,1
XE-5629T,103.6483281,1.33052667,2020-10-19 16:40:36,1603125636,99,,,1.0,,,,103.648404,1.330668,,,,,,,,,,True,False,7420.881339756717,34764.79465969556,1
XE-5629T,103.6483393,1.33052083,2020-10-19 16:40:42,1603125642,100,,,1.0,,,,103.648404,1.330668,,,,,,,,,,True,False,7420.881339756717,34764.79465969556,1
XE-5629T,103.6483481,1.33051583,2020-10-19 16:40:47,1603125647,101,,,1.0,,,,103.648404,1.330668,,,,,,,,,,True,False,7420.881339756717,34764.79465969556,1
XE-5629T,103.6483481,1.33051433,2020-10-19 16:40:52,1603125652,102,,,1.0,,,,103.648404,1.330668,,,,,,,,,,True,False,7420.881339756717,34764.79465969556,1
XE-5629T,103.6483436,1.33051133,2020-10-19 16:40:58,1603125658,103,,,1.0,,,,103.648404,1.330668,,,,,,,,,,True,False,7420.881339756717,34764.79465969556,1
XE-5629T,103.6483311,1.3305125,2020-10-19 16:41:03,1603125663,104,,,1.0,,,,103.648404,1.330668,,,,,,,,,,True,False,7420.881339756717,34764.79465969556,1
XE-5629T,103.6483135,1.33051733,2020-10-19 16:41:09,1603125669,105,1.0,5.0,1.0,,19.469776,OCIBgDkiAQA_AAAAAAAAALUAAAAAAAAALGvSQQAAAAD11JVCAAAAAD8AAAAAAAAAtQAAAAAAAACDCwAAlIwtBuxNFAA6jC0GVU0UAAUA7w28byAW,103.648404,1.330668,0.0,0.0,0.0,"[5270389039, 4491946736]",[0],[0],[0],2.0,,False,False,7420.881339756717,34764.79465969556,1
XE-5629T,103.6482988,1.330522,2020-10-19 16:41:14,1603125674,106,,,1.0,,,,103.648404,1.330668,,,,,,,,,,True,False,7420.881339756717,34764.79465969556,1
XE-5629T,103.6482946,1.33052283,2020-10-19 16:41:20,1603125680,107,,,1.0,,,,103.648404,1.330668,,,,,,,,,,True,False,7420.881339756717,34764.79465969556,1
XE-5629T,103.6482953,1.33052267,2020-10-19 16:41:25,1603125685,108,,,1.0,,,,103.648404,1.330668,,,,,,,,,,True,False,7420.881339756717,34764.79465969556,1
XE-5629T,103.6482918,1.33052183,2020-10-19 16:41:30,1603125690,109,,,1.0,,,,103.648404,1.330668,,,,,,,,,,True,False,7420.881339756717,34764.79465969556,1
XE-5629T,103.648287,1.33051883,2020-10-19 16:41:35,1603125695,110,,,1.0,,,,103.648404,1.330668,,,,,,,,,,True,False,7420.881339756717,34764.79465969556,1
XE-5629T,103.6482796,1.33051417,2020-10-19 16:41:41,1603125701,111,,,1.0,,,,103.648404,1.330668,,,,,,,,,,True,False,7420.881339756717,34764.79465969556,1
XE-5629T,103.6482698,1.3305115,2020-10-19 16:41:46,1603125706,112,,,1.0,,,,103.648404,1.330668,,,,,,,,,,True,False,7420.881339756717,34764.79465969556,1
XE-5629T,103.6482641,1.330515,2020-10-19 16:41:52,1603125712,113,,,1.0,,,,103.648404,1.330668,,,,,,,,,,True,False,7420.881339756717,34764.79465969556,1
XE-5629T,103.6482628,1.33051967,2020-10-19 16:41:57,1603125717,114,,,1.0,,,,103.648404,1.330668,,,,,,,,,,True,False,7420.881339756717,34764.79465969556,1
XE-5629T,103.6482603,1.330529,2020-10-19 16:42:02,1603125722,115,,,1.0,,,,103.648404,1.330668,,,,,,,,,,True,False,7420.881339756717,34764.79465969556,1
XE-5629T,103.648289,1.33053717,2020-10-19 16:42:33,1603125753,116,,,1.0,,,,103.648404,1.330668,,,,,,,,,,True,False,7420.881339756717,34764.79465969556,1
XE-5629T,103.6482958,1.330537,2020-10-19 16:42:38,1603125758,117,,,1.0,,,,103.648404,1.330668,,,,,,,,,,True,False,7420.881339756717,34764.79465969556,1
XE-5629T,103.6482963,1.3305375,2020-10-19 16:42:43,1603125763,118,,,1.0,,,,103.648404,1.330668,,,,,,,,,,True,False,7420.881339756717,34764.79465969556,1
XE-5629T,103.6482986,1.33053517,2020-10-19 16:42:48,1603125768,119,,,1.0,,,,103.648404,1.330668,,,,,,,,,,True,False,7420.881339756717,34764.79465969556,1
XE-5629T,103.6483053,1.330533,2020-10-19 16:42:54,1603125774,120,,,1.0,,,,103.648404,1.330668,,,,,,,,,,True,False,7420.881339756717,34764.79465969556,1
XE-5629T,103.648309,1.33053267,2020-10-19 16:43:00,1603125780,121,,,1.0,,,,103.648404,1.330668,,,,,,,,,,True,False,7420.881339756717,34764.79465969556,1
XE-5629T,103.6483083,1.33053333,2020-10-19 16:43:06,1603125786,122,,,1.0,,,,103.648404,1.330668,,,,,,,,,,True,False,7420.881339756717,34764.79465969556,1
XE-5629T,103.6483111,1.3305345,2020-10-19 16:43:12,1603125792,123,,,1.0,,,,103.648404,1.330668,,,,,,,,,,True,False,7420.881339756717,34764.79465969556,1
XE-5629T,103.6483136,1.33053767,2020-10-19 16:43:18,1603125798,124,,,1.0,,,,103.648404,1.330668,,,,,,,,,,True,False,7420.881339756717,34764.79465969556,1
XE-5629T,103.6483143,1.33053867,2020-10-19 16:43:23,1603125803,125,,,1.0,,,,103.648404,1.330668,,,,,,,,,,True,False,7420.881339756717,34764.79465969556,1
XE-5629T,103.6483126,1.33054033,2020-10-19 16:43:28,1603125808,126,,,1.0,,,,103.648404,1.330668,,,,,,,,,,True,False,7420.881339756717,34764.79465969556,1
XE-5629T,103.6483115,1.33054233,2020-10-19 16:43:34,1603125814,127,1.0,6.0,1.0,,17.289324,OCIBgDkiAYA_AAAAAAAAALUAAAAAAAAALGvSQQAAAAD11JVCAAAAAD8AAAAAAAAAtQAAAAAAAACDCwAAlIwtBuxNFAA4jC0Gbk0UAAUA7w28byAW,103.648404,1.330668,0.0,0.0,0.0,"[5270389039, 4491946736]",[0],[0],[0],2.0,,False,False,7420.881339756717,34764.79465969556,1
XE-5629T,103.648311,1.33054383,2020-10-19 16:43:40,1603125820,128,,,1.0,,,,103.648404,1.330668,,,,,,,,,,True,False,7420.881339756717,34764.79465969556,1
XE-5629T,103.6483168,1.3305465,2020-10-19 16:43:45,1603125825,129,,,1.0,,,,103.648404,1.330668,,,,,,,,,,True,False,7420.881339756717,34764.79465969556,1
XE-5629T,103.6483265,1.330552,2020-10-19 16:43:50,1603125830,130,,,1.0,,,,103.648404,1.330668,,,,,,,,,,True,False,7420.881339756717,34764.79465969556,1
XE-5629T,103.6483368,1.33055717,2020-10-19 16:43:55,1603125835,131,,,1.0,,,,103.648404,1.330668,,,,,,,,,,True,False,7420.881339756717,34764.79465969556,1
XE-5629T,103.6483463,1.33056083,2020-10-19 16:44:00,1603125840,132,,,1.0,,,,103.648404,1.330668,,,,,,,,,,True,False,7420.881339756717,34764.79465969556,1
XE-5629T,103.6483555,1.3305645,2020-10-19 16:44:06,1603125846,133,,,1.0,,,,103.648404,1.330668,,,,,,,,,,True,False,7420.881339756717,34764.79465969556,1
XE-5629T,103.6483491,1.3305665,2020-10-19 16:44:12,1603125852,134,,,1.0,,,,103.648404,1.330668,,,,,,,,,,True,False,7420.881339756717,34764.79465969556,1
XE-5629T,103.648344,1.330566,2020-10-19 16:44:17,1603125857,135,,,1.0,,,,103.648404,1.330668,,,,,,,,,,True,False,7420.881339756717,34764.79465969556,1
XE-5629T,103.6483388,1.33056517,2020-10-19 16:44:22,1603125862,136,,,1.0,,,,103.648404,1.330668,,,,,,,,,,True,False,7420.881339756717,34764.79465969556,1
XE-5629T,103.648334,1.330565,2020-10-19 16:44:27,1603125867,137,,,1.0,,,,103.648404,1.330668,,,,,,,,,,True,False,7420.881339756717,34764.79465969556,1
XE-5629T,103.6483291,1.33056533,2020-10-19 16:44:32,1603125872,138,,,1.0,,,,103.648404,1.330668,,,,,,,,,,True,False,7420.881339756717,34764.79465969556,1
XE-5629T,103.648325,1.33056483,2020-10-19 16:44:38,1603125878,139,,,1.0,,,,103.648404,1.330668,,,,,,,,,,True,False,7420.881339756717,34764.79465969556,1
XE-5629T,103.6483201,1.3305645,2020-10-19 16:44:43,1603125883,140,,,1.0,,,,103.648404,1.330668,,,,,,,,,,True,False,7420.881339756717,34764.79465969556,1
XE-5629T,103.6483191,1.33056283,2020-10-19 16:44:48,1603125888,141,,,1.0,,,,103.648404,1.330668,,,,,,,,,,True,False,7420.881339756717,34764.79465969556,1
XE-5629T,103.6483188,1.33056117,2020-10-19 16:44:54,1603125894,142,,,1.0,,,,103.648404,1.330668,,,,,,,,,,True,False,7420.881339756717,34764.79465969556,1
XE-5629T,103.648319,1.33055717,2020-10-19 16:45:00,1603125900,143,,,1.0,,,,103.648404,1.330668,,,,,,,,,,True,False,7420.881339756717,34764.79465969556,1
XE-5629T,103.6483133,1.33054967,2020-10-19 16:45:06,1603125906,144,,,1.0,,,,103.648404,1.330668,,,,,,,,,,True,False,7420.881339756717,34764.79465969556,1
XE-5629T,103.6483075,1.330542,2020-10-19 16:45:11,1603125911,145,,,1.0,,,,103.648404,1.330668,,,,,,,,,,True,False,7420.881339756717,34764.79465969556,1
XE-5629T,103.6482988,1.33052867,2020-10-19 16:45:16,1603125916,146,,,1.0,,,,103.648404,1.330668,,,,,,,,,,True,False,7420.881339756717,34764.79465969556,1
XE-5629T,103.6482961,1.33052033,2020-10-19 16:45:21,1603125921,147,1.0,7.0,1.0,,20.303911,OCIBgDkiAQA_AAAAAAAAALUAAAAAAAAALGvSQQAAAAD11JVCAAAAAD8AAAAAAAAAtQAAAAAAAACDCwAAlIwtBuxNFAAojC0GWE0UAAUA7w28byAW,103.648404,1.330668,0.0,0.0,0.0,"[5270389039, 4491946736]",[0],[0],[0],2.0,,False,False,7420.881339756717,34764.79465969556,1
XE-5629T,103.6482991,1.33051883,2020-10-19 16:45:26,1603125926,148,,,1.0,,,,103.648404,1.330668,,,,,,,,,,True,False,7420.881339756717,34764.79465969556,1
XE-5629T,103.648303,1.3305205,2020-10-19 16:45:32,1603125932,149,,,1.0,,,,103.648404,1.330668,,,,,,,,,,True,False,7420.881339756717,34764.79465969556,1
XE-5629T,103.6483021,1.3305225,2020-10-19 16:45:37,1603125937,150,,,1.0,,,,103.648404,1.330668,,,,,,,,,,True,False,7420.881339756717,34764.79465969556,1
XE-5629T,103.6482981,1.33052367,2020-10-19 16:45:42,1603125942,151,,,1.0,,,,103.648404,1.330668,,,,,,,,,,True,False,7420.881339756717,34764.79465969556,1
XE-5629T,103.6482875,1.330518,2020-10-19 16:45:48,1603125948,152,,,1.0,,,,103.648404,1.330668,,,,,,,,,,True,False,7420.881339756717,34764.79465969556,1
XE-5629T,103.6482795,1.33051267,2020-10-19 16:45:53,1603125953,153,,,1.0,,,,103.648404,1.330668,,,,,,,,,,True,False,7420.881339756717,34764.79465969556,1
XE-5629T,103.648276,1.33050717,2020-10-19 16:45:58,1603125958,154,,,1.0,,,,103.648404,1.330668,,,,,,,,,,True,False,7420.881339756717,34764.79465969556,1
XE-5629T,103.6482763,1.3305055,2020-10-19 16:46:03,1603125963,155,,,1.0,,,,103.648404,1.330668,,,,,,,,,,True,False,7420.881339756717,34764.79465969556,1
XE-5629T,103.648278,1.3305049999999998,2020-10-19 16:46:08,1603125968,156,,,1.0,,,,103.648404,1.330668,,,,,,,,,,True,False,7420.881339756717,34764.79465969556,1
XE-5629T,103.64828409999998,1.33050433,2020-10-19 16:46:13,1603125973,157,,,1.0,,,,103.648404,1.330668,,,,,,,,,,True,False,7420.881339756717,34764.79465969556,1
XE-5629T,103.6482921,1.33050533,2020-10-19 16:46:18,1603125978,158,,,1.0,,,,103.648404,1.330668,,,,,,,,,,True,False,7420.881339756717,34764.79465969556,1
XE-5629T,103.6483008,1.33050817,2020-10-19 16:46:24,1603125984,159,,,1.0,,,,103.648404,1.330668,,,,,,,,,,True,False,7420.881339756717,34764.79465969556,1
XE-5629T,103.6483045,1.3305095,2020-10-19 16:46:29,1603125989,160,,,1.0,,,,103.648404,1.330668,,,,,,,,,,True,False,7420.881339756717,34764.79465969556,1
XE-5629T,103.6483106,1.3305095,2020-10-19 16:46:34,1603125994,161,,,1.0,,,,103.648404,1.330668,,,,,,,,,,True,False,7420.881339756717,34764.79465969556,1
XE-5629T,103.648313,1.33050833,2020-10-19 16:46:39,1603125999,162,,,1.0,,,,103.648404,1.330668,,,,,,,,,,True,False,7420.881339756717,34764.79465969556,1
XE-5629T,103.6483131,1.33050583,2020-10-19 16:46:45,1603126005,163,,,1.0,,,,103.648404,1.330668,,,,,,,,,,True,False,7420.881339756717,34764.79465969556,1
XE-5629T,103.6483131,1.330502,2020-10-19 16:46:50,1603126010,164,,,1.0,,,,103.648404,1.330668,,,,,,,,,,True,False,7420.881339756717,34764.79465969556,1
XE-5629T,103.6483126,1.33049817,2020-10-19 16:46:56,1603126016,165,,,1.0,,,,103.648404,1.330668,,,,,,,,,,True,False,7420.881339756717,34764.79465969556,1
XE-5629T,103.648308,1.330495,2020-10-19 16:47:01,1603126021,166,,,1.0,,,,103.648404,1.330668,,,,,,,,,,True,False,7420.881339756717,34764.79465969556,1
XE-5629T,103.6482991,1.33049183,2020-10-19 16:47:06,1603126026,167,,,1.0,,,,103.648404,1.330668,,,,,,,,,,True,False,7420.881339756717,34764.79465969556,1
XE-5629T,103.6482826,1.33049733,2020-10-19 16:47:17,1603126037,168,,,1.0,,,,103.648404,1.330668,,,,,,,,,,True,False,7420.881339756717,34764.79465969556,1
XE-5629T,103.6482838,1.33050217,2020-10-19 16:47:22,1603126042,169,,,1.0,,,,103.648404,1.330668,,,,,,,,,,True,False,7420.881339756717,34764.79465969556,1
XE-5629T,103.648289,1.330508,2020-10-19 16:47:28,1603126048,170,1.0,8.0,1.0,,21.835005,OCIBgDkiAYA_AAAAAAAAALUAAAAAAAAALGvSQQAAAAD11JVCAAAAAD8AAAAAAAAAtQAAAAAAAACDCwAAlIwtBuxNFAAhjC0GTE0UAAUA7w28byAW,103.648404,1.330668,0.0,0.0,0.0,"[5270389039, 4491946736]",[0],[0],[0],2.0,,False,False,7420.881339756717,34764.79465969556,1
XE-5629T,103.6482968,1.33051417,2020-10-19 16:47:33,1603126053,171,,,1.0,,,,103.648404,1.330668,,,,,,,,,,True,False,7420.881339756717,34764.79465969556,1
XE-5629T,103.6482998,1.33051883,2020-10-19 16:47:38,1603126058,172,,,1.0,,,,103.648404,1.330668,,,,,,,,,,True,False,7420.881339756717,34764.79465969556,1
XE-5629T,103.6482993,1.33051933,2020-10-19 16:47:43,1603126063,173,,,1.0,,,,103.648404,1.330668,,,,,,,,,,True,False,7420.881339756717,34764.79465969556,1
XE-5629T,103.6482998,1.33051833,2020-10-19 16:47:48,1603126068,174,,,1.0,,,,103.648404,1.330668,,,,,,,,,,True,False,7420.881339756717,34764.79465969556,1
XE-5629T,103.6482988,1.330519,2020-10-19 16:47:54,1603126074,175,,,1.0,,,,103.648404,1.330668,,,,,,,,,,True,False,7420.881339756717,34764.79465969556,1
XE-5629T,103.648303,1.33051967,2020-10-19 16:47:59,1603126079,176,,,1.0,,,,103.648404,1.330668,,,,,,,,,,True,False,7420.881339756717,34764.79465969556,1
XE-5629T,103.6483088,1.33052183,2020-10-19 16:48:05,1603126085,177,,,1.0,,,,103.648404,1.330668,,,,,,,,,,True,False,7420.881339756717,34764.79465969556,1
XE-5629T,103.648319,1.33052733,2020-10-19 16:48:10,1603126090,178,,,1.0,,,,103.648404,1.330668,,,,,,,,,,True,False,7420.881339756717,34764.79465969556,1
XE-5629T,103.6483236,1.3305285,2020-10-19 16:48:15,1603126095,179,,,1.0,,,,103.648404,1.330668,,,,,,,,,,True,False,7420.881339756717,34764.79465969556,1
XE-5629T,103.6483251,1.33052783,2020-10-19 16:48:20,1603126100,180,,,1.0,,,,103.648404,1.330668,,,,,,,,,,True,False,7420.881339756717,34764.79465969556,1
XE-5629T,103.64832309999998,1.3305280000000002,2020-10-19 16:48:25,1603126105,181,,,1.0,,,,103.648404,1.330668,,,,,,,,,,True,False,7420.881339756717,34764.79465969556,1
XE-5629T,103.6483191,1.3305295,2020-10-19 16:48:30,1603126110,182,,,1.0,,,,103.648404,1.330668,,,,,,,,,,True,False,7420.881339756717,34764.79465969556,1
XE-5629T,103.6483175,1.33052967,2020-10-19 16:48:36,1603126116,183,,,1.0,,,,103.648404,1.330668,,,,,,,,,,True,False,7420.881339756717,34764.79465969556,1
XE-5629T,103.6483125,1.33053183,2020-10-19 16:48:41,1603126121,184,,,1.0,,,,103.648404,1.330668,,,,,,,,,,True,False,7420.881339756717,34764.79465969556,1
XE-5629T,103.648304,1.33053967,2020-10-19 16:48:46,1603126126,185,,,1.0,,,,103.648404,1.330668,,,,,,,,,,True,False,7420.881339756717,34764.79465969556,1
XE-5629T,103.6483036,1.33054533,2020-10-19 16:48:52,1603126132,186,,,1.0,,,,103.648404,1.330668,,,,,,,,,,True,False,7420.881339756717,34764.79465969556,1
XE-5629T,103.6483208,1.3305495,2020-10-19 16:48:57,1603126137,187,,,1.0,,,,103.648404,1.330668,,,,,,,,,,True,False,7420.881339756717,34764.79465969556,1
XE-5629T,103.64833459999998,1.33055317,2020-10-19 16:49:02,1603126142,188,,,1.0,,,,103.648404,1.330668,,,,,,,,,,True,False,7420.881339756717,34764.79465969556,1
XE-5629T,103.6483475,1.33055367,2020-10-19 16:49:07,1603126147,189,,,1.0,,,,103.648404,1.330668,,,,,,,,,,True,False,7420.881339756717,34764.79465969556,1
XE-5629T,103.6483536,1.3305535,2020-10-19 16:49:12,1603126152,190,,,1.0,,,,103.648404,1.330668,,,,,,,,,,True,False,7420.881339756717,34764.79465969556,1
XE-5629T,103.6483546,1.3305555,2020-10-19 16:49:18,1603126158,191,,,1.0,,,,103.648404,1.330668,,,,,,,,,,True,False,7420.881339756717,34764.79465969556,1
XE-5629T,103.6483501,1.330558,2020-10-19 16:49:24,1603126164,192,1.0,9.0,1.0,,13.566217000000002,OCIBgDkiAYA_AAAAAAAAALUAAAAAAAAALGvSQQAAAAD11JVCAAAAAD8AAAAAAAAAtQAAAAAAAACDCwAAlIwtBuxNFABejC0Gfk0UAAUA7w28byAW,103.648404,1.330668,0.0,0.0,0.0,"[5270389039, 4491946736]",[0],[0],[0],2.0,,False,False,7420.881339756717,34764.79465969556,1
XE-5629T,103.6483348,1.33056267,2020-10-19 16:49:30,1603126170,193,,,1.0,,,,103.648404,1.330668,,,,,,,,,,True,False,7420.881339756717,34764.79465969556,1
XE-5629T,103.6483143,1.33056983,2020-10-19 16:49:36,1603126176,194,,,1.0,,,,103.648404,1.330668,,,,,,,,,,True,False,7420.881339756717,34764.79465969556,1
XE-5629T,103.648298,1.33057567,2020-10-19 16:49:41,1603126181,195,,,1.0,,,,103.648404,1.330668,,,,,,,,,,True,False,7420.881339756717,34764.79465969556,1
XE-5629T,103.6482871,1.33057833,2020-10-19 16:49:46,1603126186,196,,,1.0,,,,103.648404,1.330668,,,,,,,,,,True,False,7420.881339756717,34764.79465969556,1
XE-5629T,103.64828,1.33058017,2020-10-19 16:49:51,1603126191,197,,,1.0,,,,103.648404,1.330668,,,,,,,,,,True,False,7420.881339756717,34764.79465969556,1
XE-5629T,103.6482716,1.3305825,2020-10-19 16:49:56,1603126196,198,,,1.0,,,,103.648404,1.330668,,,,,,,,,,True,False,7420.881339756717,34764.79465969556,1
XE-5629T,103.6482613,1.33058333,2020-10-19 16:50:02,1603126202,199,,,1.0,,,,103.648404,1.330668,,,,,,,,,,True,False,7420.881339756717,34764.79465969556,1
XE-5629T,103.6482538,1.33058267,2020-10-19 16:50:07,1603126207,200,,,1.0,,,,103.648404,1.330668,,,,,,,,,,True,False,7420.881339756717,34764.79465969556,1
XE-5629T,103.6482445,1.33058117,2020-10-19 16:50:12,1603126212,201,,,1.0,,,,103.648404,1.330668,,,,,,,,,,True,False,7420.881339756717,34764.79465969556,1
XE-5629T,103.6482346,1.3305785,2020-10-19 16:50:17,1603126217,202,,,1.0,,,,103.648404,1.330668,,,,,,,,,,True,False,7420.881339756717,34764.79465969556,1
XE-5629T,103.648223,1.33057267,2020-10-19 16:50:23,1603126223,203,,,1.0,,,,103.648404,1.330668,,,,,,,,,,True,False,7420.881339756717,34764.79465969556,1
XE-5629T,103.6482178,1.33056817,2020-10-19 16:50:28,1603126228,204,1.0,10.0,1.0,,23.468036,OCIBADkiAYA_AAAAAAAAALUAAAAAAAAALGvSQQAAAAD11JVCAAAAAD8AAAAAAAAAtQAAAAAAAACDCwAAlIwtBuxNFADaiy0GiE0UAAUA7w28byAW,103.648404,1.330668,0.0,0.0,0.0,"[4491946736, 5270389039]",[0],[0],[0],2.0,,False,False,7420.881339756717,34764.79465969556,1
XE-5629T,103.6482165,1.3305645,2020-10-19 16:50:33,1603126233,205,,,1.0,,,,103.648404,1.330668,,,,,,,,,,True,False,7420.881339756717,34764.79465969556,1
XE-5629T,103.6482185,1.33056283,2020-10-19 16:50:38,1603126238,206,,,1.0,,,,103.648404,1.330668,,,,,,,,,,True,False,7420.881339756717,34764.79465969556,1
XE-5629T,103.648222,1.3305605,2020-10-19 16:50:43,1603126243,207,,,1.0,,,,103.648404,1.330668,,,,,,,,,,True,False,7420.881339756717,34764.79465969556,1
XE-5629T,103.6482258,1.33055783,2020-10-19 16:50:48,1603126248,208,,,1.0,,,,103.648404,1.330668,,,,,,,,,,True,False,7420.881339756717,34764.79465969556,1
XE-5629T,103.6482315,1.33055567,2020-10-19 16:50:54,1603126254,209,,,1.0,,,,103.648404,1.330668,,,,,,,,,,True,False,7420.881339756717,34764.79465969556,1
XE-5629T,103.6482296,1.33055317,2020-10-19 16:50:59,1603126259,210,,,1.0,,,,103.648404,1.330668,,,,,,,,,,True,False,7420.881339756717,34764.79465969556,1
XE-5629T,103.6482291,1.33055267,2020-10-19 16:51:04,1603126264,211,,,1.0,,,,103.648404,1.330668,,,,,,,,,,True,False,7420.881339756717,34764.79465969556,1
XE-5629T,103.6482323,1.33054883,2020-10-19 16:51:09,1603126269,212,,,1.0,,,,103.648404,1.330668,,,,,,,,,,True,False,7420.881339756717,34764.79465969556,1
XE-5629T,103.648225,1.33054467,2020-10-19 16:52:01,1603126321,213,,,1.0,,,,103.648404,1.330668,,,,,,,,,,True,False,7420.881339756717,34764.79465969556,1
XE-5629T,103.6482215,1.3305445,2020-10-19 16:52:06,1603126326,214,,,1.0,,,,103.648404,1.330668,,,,,,,,,,True,False,7420.881339756717,34764.79465969556,1
XE-5629T,103.648216,1.33054317,2020-10-19 16:52:12,1603126332,215,,,1.0,,,,103.648404,1.330668,,,,,,,,,,True,False,7420.881339756717,34764.79465969556,1
XE-5629T,103.6482085,1.33054017,2020-10-19 16:52:17,1603126337,216,,,1.0,,,,103.648404,1.330668,,,,,,,,,,True,False,7420.881339756717,34764.79465969556,1
XE-5629T,103.6482053,1.3305360000000002,2020-10-19 16:52:22,1603126342,217,,,1.0,,,,103.648404,1.330668,,,,,,,,,,True,False,7420.881339756717,34764.79465969556,1
XE-5629T,103.6482058,1.33053067,2020-10-19 16:52:27,1603126347,218,,,1.0,,,,103.648404,1.330668,,,,,,,,,,True,False,7420.881339756717,34764.79465969556,1
XE-5629T,103.6482066,1.33052267,2020-10-19 16:52:32,1603126352,219,,,1.0,,,,103.648404,1.330668,,,,,,,,,,True,False,7420.881339756717,34764.79465969556,1
XE-5629T,103.6482051,1.33051417,2020-10-19 16:52:37,1603126357,220,,,1.0,,,,103.648404,1.330668,,,,,,,,,,True,False,7420.881339756717,34764.79465969556,1
XE-5629T,103.6482038,1.3305075000000002,2020-10-19 16:52:42,1603126362,221,,,1.0,,,,103.648404,1.330668,,,,,,,,,,True,False,7420.881339756717,34764.79465969556,1
XE-5629T,103.6482031,1.33050167,2020-10-19 16:52:48,1603126368,222,,,1.0,,,,103.648404,1.330668,,,,,,,,,,True,False,7420.881339756717,34764.79465969556,1
XE-5629T,103.6482008,1.33049733,2020-10-19 16:52:53,1603126373,223,,,1.0,,,,103.648404,1.330668,,,,,,,,,,True,False,7420.881339756717,34764.79465969556,1
XE-5629T,103.6481951,1.33049383,2020-10-19 16:52:59,1603126379,224,,,1.0,,,,103.648404,1.330668,,,,,,,,,,True,False,7420.881339756717,34764.79465969556,1
XE-5629T,103.6481916,1.33049267,2020-10-19 16:53:04,1603126384,225,,,1.0,,,,103.648404,1.330668,,,,,,,,,,True,False,7420.881339756717,34764.79465969556,1
XE-5629T,103.6481908,1.33049333,2020-10-19 16:53:09,1603126389,226,,,1.0,,,,103.648404,1.330668,,,,,,,,,,True,False,7420.881339756717,34764.79465969556,1
XE-5629T,103.6481955,1.330495,2020-10-19 16:53:14,1603126394,227,,,1.0,,,,103.648404,1.330668,,,,,,,,,,True,False,7420.881339756717,34764.79465969556,1
XE-5629T,103.6482,1.33049733,2020-10-19 16:53:19,1603126399,228,,,1.0,,,,103.648404,1.330668,,,,,,,,,,True,False,7420.881339756717,34764.79465969556,1
XE-5629T,103.6482016,1.33049717,2020-10-19 16:53:24,1603126404,229,,,1.0,,,,103.648404,1.330668,,,,,,,,,,True,False,7420.881339756717,34764.79465969556,1
XE-5629T,103.648202,1.330496,2020-10-19 16:53:30,1603126410,230,,,1.0,,,,103.648404,1.330668,,,,,,,,,,True,False,7420.881339756717,34764.79465969556,1
XE-5629T,103.6482051,1.33049683,2020-10-19 16:53:35,1603126415,231,,,1.0,,,,103.648404,1.330668,,,,,,,,,,True,False,7420.881339756717,34764.79465969556,1
XE-5629T,103.648209,1.33049833,2020-10-19 16:53:40,1603126420,232,,,1.0,,,,103.648404,1.330668,,,,,,,,,,True,False,7420.881339756717,34764.79465969556,1
XE-5629T,103.648213,1.330499,2020-10-19 16:53:45,1603126425,233,3.0,11.0,1.0,,28.302096,OCIBgDkiAYA_AAAAAAAAALUAAAAAAAAALGvSQQAAAAD11JVCAAAAAD8AAAAAAAAAtQAAAAAAAACDCwAAlIwtBuxNFADViy0GQ00UAAUA7w28byAW,103.648404,1.330668,0.0,0.0,0.0,"[4491946736, 5270389039]",[0],[0],[0],2.0,,False,False,7420.881339756717,34764.79465969556,1
XE-5629T,103.6482155,1.33049633,2020-10-19 16:53:50,1603126430,234,,,1.0,,,,103.648404,1.330668,,,,,,,,,,True,False,7420.881339756717,34764.79465969556,1
XE-5629T,103.6482208,1.33049467,2020-10-19 16:53:56,1603126436,235,,,1.0,,,,103.648404,1.330668,,,,,,,,,,True,False,7420.881339756717,34764.79465969556,1
XE-5629T,103.6482225,1.3304915000000002,2020-10-19 16:54:01,1603126441,236,,,1.0,,,,103.648404,1.330668,,,,,,,,,,True,False,7420.881339756717,34764.79465969556,1
XE-5629T,103.648224,1.33048983,2020-10-19 16:54:06,1603126446,237,,,1.0,,,,103.648404,1.330668,,,,,,,,,,True,False,7420.881339756717,34764.79465969556,1
XE-5629T,103.6482303,1.33049133,2020-10-19 16:54:12,1603126452,238,,,1.0,,,,103.648404,1.330668,,,,,,,,,,True,False,7420.881339756717,34764.79465969556,1
XE-5629T,103.6482368,1.33049283,2020-10-19 16:54:18,1603126458,239,,,1.0,,,,103.648404,1.330668,,,,,,,,,,True,False,7420.881339756717,34764.79465969556,1
XE-5629T,103.6482416,1.33049233,2020-10-19 16:54:23,1603126463,240,,,1.0,,,,103.648404,1.330668,,,,,,,,,,True,False,7420.881339756717,34764.79465969556,1
XE-5629T,103.6482456,1.3304925,2020-10-19 16:54:29,1603126469,241,,,1.0,,,,103.648404,1.330668,,,,,,,,,,True,False,7420.881339756717,34764.79465969556,1
XE-5629T,103.6482458,1.330492,2020-10-19 16:54:34,1603126474,242,,,1.0,,,,103.648404,1.330668,,,,,,,,,,True,False,7420.881339756717,34764.79465969556,1
XE-5629T,103.6482426,1.3304895,2020-10-19 16:54:39,1603126479,243,,,1.0,,,,103.648404,1.330668,,,,,,,,,,True,False,7420.881339756717,34764.79465969556,1
XE-5629T,103.6482386,1.3304875,2020-10-19 16:54:44,1603126484,244,,,1.0,,,,103.648404,1.330668,,,,,,,,,,True,False,7420.881339756717,34764.79465969556,1
XE-5629T,103.648237,1.33049067,2020-10-19 16:54:49,1603126489,245,,,1.0,,,,103.648404,1.330668,,,,,,,,,,True,False,7420.881339756717,34764.79465969556,1
XE-5629T,103.6482363,1.33049617,2020-10-19 16:54:54,1603126494,246,,,1.0,,,,103.648404,1.330668,,,,,,,,,,True,False,7420.881339756717,34764.79465969556,1
XE-5629T,103.6482353,1.33050183,2020-10-19 16:54:59,1603126499,247,,,1.0,,,,103.648404,1.330668,,,,,,,,,,True,False,7420.881339756717,34764.79465969556,1
XE-5629T,103.648225,1.33050133,2020-10-19 16:55:05,1603126505,248,,,1.0,,,,103.648404,1.330668,,,,,,,,,,True,False,7420.881339756717,34764.79465969556,1
XE-5629T,103.6482156,1.33049883,2020-10-19 16:55:16,1603126516,249,,,1.0,,,,103.648404,1.330668,,,,,,,,,,True,False,7420.881339756717,34764.79465969556,1
XE-5629T,103.648224,1.33050483,2020-10-19 16:55:21,1603126521,250,,,1.0,,,,103.648404,1.330668,,,,,,,,,,True,False,7420.881339756717,34764.79465969556,1
XE-5629T,103.6482265,1.3305145,2020-10-19 16:55:27,1603126527,251,,,1.0,,,,103.648404,1.330668,,,,,,,,,,True,False,7420.881339756717,34764.79465969556,1
XE-5629T,103.6482263,1.33052067,2020-10-19 16:55:32,1603126532,252,,,1.0,,,,103.648404,1.330668,,,,,,,,,,True,False,7420.881339756717,34764.79465969556,1
XE-5629T,103.6482225,1.3305295,2020-10-19 16:55:37,1603126537,253,,,1.0,,,,103.648404,1.330668,,,,,,,,,,True,False,7420.881339756717,34764.79465969556,1
XE-5629T,103.6482226,1.33053533,2020-10-19 16:55:42,1603126542,254,,,1.0,,,,103.648404,1.330668,,,,,,,,,,True,False,7420.881339756717,34764.79465969556,1
XE-5629T,103.6482225,1.3305375,2020-10-19 16:55:47,1603126547,255,,,1.0,,,,103.648404,1.330668,,,,,,,,,,True,False,7420.881339756717,34764.79465969556,1
XE-5629T,103.6482286,1.33054117,2020-10-19 16:55:53,1603126553,256,,,1.0,,,,103.648404,1.330668,,,,,,,,,,True,False,7420.881339756717,34764.79465969556,1
XE-5629T,103.6482325,1.33054217,2020-10-19 16:55:58,1603126558,257,3.0,12.0,1.0,,23.585139,OCIBgDkiAQA_AAAAAAAAALUAAAAAAAAALGvSQQAAAAD11JVCAAAAAD8AAAAAAAAAtQAAAAAAAACDCwAAlIwtBuxNFADpiy0Gbk0UAAUA7w28byAW,103.648404,1.330668,0.0,0.0,0.0,"[5270389039, 4491946736]",[0],[0],[0],2.0,,False,False,7420.881339756717,34764.79465969556,1
XE-5629T,103.6482363,1.3305425,2020-10-19 16:56:04,1603126564,258,,,1.0,,,,103.648404,1.330668,,,,,,,,,,True,False,7420.881339756717,34764.79465969556,1
XE-5629T,103.6482395,1.3305425,2020-10-19 16:56:09,1603126569,259,,,1.0,,,,103.648404,1.330668,,,,,,,,,,True,False,7420.881339756717,34764.79465969556,1
XE-5629T,103.6482395,1.33054133,2020-10-19 16:56:14,1603126574,260,,,1.0,,,,103.648404,1.330668,,,,,,,,,,True,False,7420.881339756717,34764.79465969556,1
XE-5629T,103.6482455,1.330541,2020-10-19 16:56:19,1603126579,261,,,1.0,,,,103.648404,1.330668,,,,,,,,,,True,False,7420.881339756717,34764.79465969556,1
XE-5629T,103.6482493,1.33053983,2020-10-19 16:56:24,1603126584,262,,,1.0,,,,103.648404,1.330668,,,,,,,,,,True,False,7420.881339756717,34764.79465969556,1
XE-5629T,103.6482495,1.33053433,2020-10-19 16:56:30,1603126590,263,,,1.0,,,,103.648404,1.330668,,,,,,,,,,True,False,7420.881339756717,34764.79465969556,1
XE-5629T,103.64824509999998,1.3305295,2020-10-19 16:56:36,1603126596,264,,,1.0,,,,103.648404,1.330668,,,,,,,,,,True,False,7420.881339756717,34764.79465969556,1
XE-5629T,103.6482373,1.33052467,2020-10-19 16:56:41,1603126601,265,,,1.0,,,,103.648404,1.330668,,,,,,,,,,True,False,7420.881339756717,34764.79465969556,1
XE-5629T,103.6482308,1.3305205,2020-10-19 16:56:46,1603126606,266,,,1.0,,,,103.648404,1.330668,,,,,,,,,,True,False,7420.881339756717,34764.79465969556,1
XE-5629T,103.6482255,1.330518,2020-10-19 16:56:51,1603126611,267,,,1.0,,,,103.648404,1.330668,,,,,,,,,,True,False,7420.881339756717,34764.79465969556,1
XE-5629T,103.6482231,1.33051667,2020-10-19 16:56:57,1603126617,268,,,1.0,,,,103.648404,1.330668,,,,,,,,,,True,False,7420.881339756717,34764.79465969556,1
XE-5629T,103.648223,1.33051617,2020-10-19 16:57:02,1603126622,269,,,1.0,,,,103.648404,1.330668,,,,,,,,,,True,False,7420.881339756717,34764.79465969556,1
XE-5629T,103.6482241,1.33051617,2020-10-19 16:57:07,1603126627,270,,,1.0,,,,103.648404,1.330668,,,,,,,,,,True,False,7420.881339756717,34764.79465969556,1
XE-5629T,103.6482306,1.330518,2020-10-19 16:57:12,1603126632,271,,,1.0,,,,103.648404,1.330668,,,,,,,,,,True,False,7420.881339756717,34764.79465969556,1
XE-5629T,103.648234,1.33052,2020-10-19 16:57:18,1603126638,272,,,1.0,,,,103.648404,1.330668,,,,,,,,,,True,False,7420.881339756717,34764.79465969556,1
XE-5629T,103.6482343,1.33052033,2020-10-19 16:57:24,1603126644,273,,,1.0,,,,103.648404,1.330668,,,,,,,,,,True,False,7420.881339756717,34764.79465969556,1
XE-5629T,103.64823,1.3305185,2020-10-19 16:57:30,1603126650,274,,,1.0,,,,103.648404,1.330668,,,,,,,,,,True,False,7420.881339756717,34764.79465969556,1
XE-5629T,103.6482308,1.33052017,2020-10-19 16:57:36,1603126656,275,,,1.0,,,,103.648404,1.330668,,,,,,,,,,True,False,7420.881339756717,34764.79465969556,1
XE-5629T,103.6482291,1.33052167,2020-10-19 16:57:41,1603126661,276,,,1.0,,,,103.648404,1.330668,,,,,,,,,,True,False,7420.881339756717,34764.79465969556,1
XE-5629T,103.6482346,1.330526,2020-10-19 16:57:46,1603126666,277,,,1.0,,,,103.648404,1.330668,,,,,,,,,,True,False,7420.881339756717,34764.79465969556,1
XE-5629T,103.6482515,1.33053333,2020-10-19 16:57:52,1603126672,278,,,1.0,,,,103.648404,1.330668,,,,,,,,,,True,False,7420.881339756717,34764.79465969556,1
XE-5629T,103.6482626,1.33053817,2020-10-19 16:57:57,1603126677,279,,,1.0,,,,103.648404,1.330668,,,,,,,,,,True,False,7420.881339756717,34764.79465969556,1
XE-5629T,103.6482663,1.3305415,2020-10-19 16:58:02,1603126682,280,,,1.0,,,,103.648404,1.330668,,,,,,,,,,True,False,7420.881339756717,34764.79465969556,1
XE-5629T,103.648271,1.33054333,2020-10-19 16:58:07,1603126687,281,,,1.0,,,,103.648404,1.330668,,,,,,,,,,True,False,7420.881339756717,34764.79465969556,1
XE-5629T,103.6482713,1.330544,2020-10-19 16:58:12,1603126692,282,,,1.0,,,,103.648404,1.330668,,,,,,,,,,True,False,7420.881339756717,34764.79465969556,1
XE-5629T,103.64827259999998,1.33054267,2020-10-19 16:58:18,1603126698,283,,,1.0,,,,103.648404,1.330668,,,,,,,,,,True,False,7420.881339756717,34764.79465969556,1
XE-5629T,103.6482758,1.3305425,2020-10-19 16:58:23,1603126703,284,,,1.0,,,,103.648404,1.330668,,,,,,,,,,True,False,7420.881339756717,34764.79465969556,1
XE-5629T,103.6482763,1.3305385,2020-10-19 16:58:29,1603126709,285,3.0,13.0,1.0,,20.15857,OCIBgDkiAYA_AAAAAAAAALUAAAAAAAAALGvSQQAAAAD11JVCAAAAAD8AAAAAAAAAtQAAAAAAAACDCwAAlIwtBuxNFAAUjC0Ga00UAAUA7w28byAW,103.648404,1.330668,0.0,0.0,0.0,"[5270389039, 4491946736]",[0],[0],[0],2.0,,False,False,7420.881339756717,34764.79465969556,1
XE-5629T,103.64827259999998,1.33053483,2020-10-19 16:58:35,1603126715,286,,,1.0,,,,103.648404,1.330668,,,,,,,,,,True,False,7420.881339756717,34764.79465969556,1
XE-5629T,103.6482683,1.33053533,2020-10-19 16:58:40,1603126720,287,,,1.0,,,,103.648404,1.330668,,,,,,,,,,True,False,7420.881339756717,34764.79465969556,1
XE-5629T,103.6482623,1.3305355,2020-10-19 16:58:45,1603126725,288,,,1.0,,,,103.648404,1.330668,,,,,,,,,,True,False,7420.881339756717,34764.79465969556,1
XE-5629T,103.6482556,1.33053567,2020-10-19 16:58:50,1603126730,289,,,1.0,,,,103.648404,1.330668,,,,,,,,,,True,False,7420.881339756717,34764.79465969556,1
XE-5629T,103.6482503,1.33053617,2020-10-19 16:58:55,1603126735,290,,,1.0,,,,103.648404,1.330668,,,,,,,,,,True,False,7420.881339756717,34764.79465969556,1
XE-5629T,103.6482506,1.33053467,2020-10-19 16:59:00,1603126740,291,,,1.0,,,,103.648404,1.330668,,,,,,,,,,True,False,7420.881339756717,34764.79465969556,1
XE-5629T,103.6482621,1.33053917,2020-10-19 16:59:06,1603126746,292,,,1.0,,,,103.648404,1.330668,,,,,,,,,,True,False,7420.881339756717,34764.79465969556,1
XE-5629T,103.6482946,1.3305435,2020-10-19 16:59:39,1603126779,293,,,1.0,,,,103.648404,1.330668,,,,,,,,,,True,False,7420.881339756717,34764.79465969556,1
XE-5629T,103.6482948,1.3305425,2020-10-19 16:59:44,1603126784,294,,,1.0,,,,103.648404,1.330668,,,,,,,,,,True,False,7420.881339756717,34764.79465969556,1
XE-5629T,103.6482898,1.33054233,2020-10-19 16:59:49,1603126789,295,,,1.0,,,,103.648404,1.330668,,,,,,,,,,True,False,7420.881339756717,34764.79465969556,1
XE-5629T,103.6482858,1.33054483,2020-10-19 16:59:54,1603126794,296,,,1.0,,,,103.648404,1.330668,,,,,,,,,,True,False,7420.881339756717,34764.79465969556,1
XE-5629T,103.6482765,1.33054783,2020-10-19 17:00:00,1603126800,297,,,1.0,,,,103.648404,1.330668,,,,,,,,,,True,False,7420.881339756717,34764.79465969556,1
XE-5629T,103.648263,1.33055083,2020-10-19 17:00:06,1603126806,298,,,1.0,,,,103.648404,1.330668,,,,,,,,,,True,False,7420.881339756717,34764.79465969556,1
XE-5629T,103.648252,1.33055233,2020-10-19 17:00:12,1603126812,299,,,1.0,,,,103.648404,1.330668,,,,,,,,,,True,False,7420.881339756717,34764.79465969556,1
XE-5629T,103.6482356,1.33055233,2020-10-19 17:00:17,1603126817,300,3.0,14.0,1.0,,22.673275,OCIBgDkiAQA_AAAAAAAAALUAAAAAAAAALGvSQQAAAAD11JVCAAAAAD8AAAAAAAAAtQAAAAAAAACDCwAAlIwtBuxNFADsiy0GeE0UAAUA7w28byAW,103.648404,1.330668,0.0,0.0,0.0,"[5270389039, 4491946736]",[0],[0],[0],2.0,,False,False,7420.881339756717,34764.79465969556,1
XE-5629T,103.6482201,1.33054933,2020-10-19 17:00:22,1603126822,301,,,1.0,,,,103.648404,1.330668,,,,,,,,,,True,False,7420.881339756717,34764.79465969556,1
XE-5629T,103.6482055,1.33054633,2020-10-19 17:00:27,1603126827,302,,,1.0,,,,103.648404,1.330668,,,,,,,,,,True,False,7420.881339756717,34764.79465969556,1
XE-5629T,103.648194,1.33054233,2020-10-19 17:00:32,1603126832,303,,,1.0,,,,103.648404,1.330668,,,,,,,,,,True,False,7420.881339756717,34764.79465969556,1
XE-5629T,103.6481871,1.3305415,2020-10-19 17:00:37,1603126837,304,,,1.0,,,,103.648404,1.330668,,,,,,,,,,True,False,7420.881339756717,34764.79465969556,1
XE-5629T,103.6481823,1.33053633,2020-10-19 17:00:43,1603126843,305,,,1.0,,,,103.648404,1.330668,,,,,,,,,,True,False,7420.881339756717,34764.79465969556,1
XE-5629T,103.6481751,1.33053067,2020-10-19 17:00:48,1603126848,306,,,1.0,,,,103.648404,1.330668,,,,,,,,,,True,False,7420.881339756717,34764.79465969556,1
XE-5629T,103.6481685,1.33052383,2020-10-19 17:00:53,1603126853,307,,,1.0,,,,103.648404,1.330668,,,,,,,,,,True,False,7420.881339756717,34764.79465969556,1
XE-5629T,103.6481565,1.33051617,2020-10-19 17:00:58,1603126858,308,,,1.0,,,,103.648404,1.330668,,,,,,,,,,True,False,7420.881339756717,34764.79465969556,1
XE-5629T,103.6481476,1.330508,2020-10-19 17:01:03,1603126863,309,,,1.0,,,,103.648404,1.330668,,,,,,,,,,True,False,7420.881339756717,34764.79465969556,1
XE-5629T,103.6481276,1.33050133,2020-10-19 17:01:36,1603126896,310,,,1.0,,,,103.648404,1.330668,,,,,,,,,,True,False,7420.881339756717,34764.79465969556,1
XE-5629T,103.6481245,1.33050533,2020-10-19 17:01:41,1603126901,311,,,1.0,,,,103.648404,1.330668,,,,,,,,,,True,False,7420.881339756717,34764.79465969556,1
XE-5629T,103.648117,1.3305085,2020-10-19 17:01:46,1603126906,312,3.0,15.0,1.0,,36.459095,OCIBgDkiAYA_AAAAAAAAALUAAAAAAAAALGvSQQAAAAD11JVCAAAAAD8AAAAAAAAAtQAAAAAAAACDCwAAlIwtBuxNFAB1iy0GTU0UAAUA7w28byAW,103.648404,1.330668,0.0,0.0,0.0,"[5270389039, 4491946736]",[0],[0],[0],2.0,,False,False,7420.881339756717,34764.79465969556,1
XE-5629T,103.648112,1.33050917,2020-10-19 17:01:51,1603126911,313,,,1.0,,,,103.648404,1.330668,,,,,,,,,,True,False,7420.881339756717,34764.79465969556,1
XE-5629T,103.6481031,1.33050983,2020-10-19 17:01:56,1603126916,314,,,1.0,,,,103.648404,1.330668,,,,,,,,,,True,False,7420.881339756717,34764.79465969556,1
XE-5629T,103.6480953,1.33051033,2020-10-19 17:02:01,1603126921,315,,,1.0,,,,103.648404,1.330668,,,,,,,,,,True,False,7420.881339756717,34764.79465969556,1
XE-5629T,103.648087,1.33051083,2020-10-19 17:02:06,1603126926,316,,,1.0,,,,103.648404,1.330668,,,,,,,,,,True,False,7420.881339756717,34764.79465969556,1
XE-5629T,103.6480855,1.330509,2020-10-19 17:02:12,1603126932,317,,,1.0,,,,103.648404,1.330668,,,,,,,,,,True,False,7420.881339756717,34764.79465969556,1
XE-5629T,103.6480865,1.33050733,2020-10-19 17:02:17,1603126937,318,,,1.0,,,,103.648404,1.330668,,,,,,,,,,True,False,7420.881339756717,34764.79465969556,1
XE-5629T,103.6480863,1.33050783,2020-10-19 17:02:23,1603126943,319,,,1.0,,,,103.648404,1.330668,,,,,,,,,,True,False,7420.881339756717,34764.79465969556,1
XE-5629T,103.6480856,1.33050733,2020-10-19 17:02:28,1603126948,320,,,1.0,,,,103.648404,1.330668,,,,,,,,,,True,False,7420.881339756717,34764.79465969556,1
XE-5629T,103.648088,1.33050417,2020-10-19 17:02:33,1603126953,321,,,1.0,,,,103.648404,1.330668,,,,,,,,,,True,False,7420.881339756717,34764.79465969556,1
XE-5629T,103.6480965,1.330499,2020-10-19 17:02:38,1603126958,322,,,1.0,,,,103.648404,1.330668,,,,,,,,,,True,False,7420.881339756717,34764.79465969556,1
XE-5629T,103.6481045,1.33049467,2020-10-19 17:02:43,1603126963,323,,,1.0,,,,103.648404,1.330668,,,,,,,,,,True,False,7420.881339756717,34764.79465969556,1
XE-5629T,103.6481093,1.33049167,2020-10-19 17:02:48,1603126968,324,,,1.0,,,,103.648404,1.330668,,,,,,,,,,True,False,7420.881339756717,34764.79465969556,1
XE-5629T,103.6481175,1.33048633,2020-10-19 17:02:54,1603126974,325,,,1.0,,,,103.648404,1.330668,,,,,,,,,,True,False,7420.881339756717,34764.79465969556,1
XE-5629T,103.6481275,1.33048533,2020-10-19 17:03:00,1603126980,326,,,1.0,,,,103.648404,1.330668,,,,,,,,,,True,False,7420.881339756717,34764.79465969556,1
XE-5629T,103.6481373,1.330484,2020-10-19 17:03:06,1603126986,327,,,1.0,,,,103.648404,1.330668,,,,,,,,,,True,False,7420.881339756717,34764.79465969556,1
XE-5629T,103.6481163,1.33050667,2020-10-19 17:04:00,1603127040,328,,,1.0,,,,103.648404,1.330668,,,,,,,,,,True,False,7420.881339756717,34764.79465969556,1
XE-5629T,103.6481243,1.33051083,2020-10-19 17:04:06,1603127046,329,,,1.0,,,,103.648404,1.330668,,,,,,,,,,True,False,7420.881339756717,34764.79465969556,1
XE-5629T,103.6481335,1.3305129999999998,2020-10-19 17:04:11,1603127051,330,3.0,16.0,1.0,,34.592345,OCIBADkiAYA_AAAAAAAAALUAAAAAAAAALGvSQQAAAAD11JVCAAAAAD8AAAAAAAAAtQAAAAAAAACDCwAAlIwtBuxNFACGiy0GUU0UAAUA7w28byAW,103.648404,1.330668,0.0,0.0,0.0,"[4491946736, 5270389039]",[0],[0],[0],2.0,,False,False,7420.881339756717,34764.79465969556,1
XE-5629T,103.648143,1.33051167,2020-10-19 17:04:16,1603127056,331,,,1.0,,,,103.648404,1.330668,,,,,,,,,,True,False,7420.881339756717,34764.79465969556,1
XE-5629T,103.6481553,1.330512,2020-10-19 17:04:22,1603127062,332,,,1.0,,,,103.648404,1.330668,,,,,,,,,,True,False,7420.881339756717,34764.79465969556,1
XE-5629T,103.6481641,1.33051133,2020-10-19 17:04:27,1603127067,333,,,1.0,,,,103.648404,1.330668,,,,,,,,,,True,False,7420.881339756717,34764.79465969556,1
XE-5629T,103.6481745,1.330509,2020-10-19 17:04:32,1603127072,334,,,1.0,,,,103.648404,1.330668,,,,,,,,,,True,False,7420.881339756717,34764.79465969556,1
XE-5629T,103.648181,1.33050567,2020-10-19 17:04:37,1603127077,335,,,1.0,,,,103.648404,1.330668,,,,,,,,,,True,False,7420.881339756717,34764.79465969556,1
XE-5629T,103.6481901,1.33050167,2020-10-19 17:04:42,1603127082,336,,,1.0,,,,103.648404,1.330668,,,,,,,,,,True,False,7420.881339756717,34764.79465969556,1
XE-5629T,103.648194,1.33049467,2020-10-19 17:04:47,1603127087,337,,,1.0,,,,103.648404,1.330668,,,,,,,,,,True,False,7420.881339756717,34764.79465969556,1
XE-5629T,103.6481963,1.3304885,2020-10-19 17:04:52,1603127092,338,,,1.0,,,,103.648404,1.330668,,,,,,,,,,True,False,7420.881339756717,34764.79465969556,1
XE-5629T,103.6481996,1.33048667,2020-10-19 17:04:57,1603127097,339,,,1.0,,,,103.648404,1.330668,,,,,,,,,,True,False,7420.881339756717,34764.79465969556,1
XE-5629T,103.648206,1.33048883,2020-10-19 17:05:03,1603127103,340,,,1.0,,,,103.648404,1.330668,,,,,,,,,,True,False,7420.881339756717,34764.79465969556,1
XE-5629T,103.648211,1.3304925,2020-10-19 17:05:09,1603127109,341,,,1.0,,,,103.648404,1.330668,,,,,,,,,,True,False,7420.881339756717,34764.79465969556,1
XE-5629T,103.6482296,1.33049417,2020-10-19 17:05:39,1603127139,342,,,1.0,,,,103.648404,1.330668,,,,,,,,,,True,False,7420.881339756717,34764.79465969556,1
XE-5629T,103.6482303,1.33049167,2020-10-19 17:05:44,1603127144,343,,,1.0,,,,103.648404,1.330668,,,,,,,,,,True,False,7420.881339756717,34764.79465969556,1
XE-5629T,103.648227,1.33049183,2020-10-19 17:05:50,1603127150,344,,,1.0,,,,103.648404,1.330668,,,,,,,,,,True,False,7420.881339756717,34764.79465969556,1
XE-5629T,103.6482233,1.3304935,2020-10-19 17:05:55,1603127155,345,,,1.0,,,,103.648404,1.330668,,,,,,,,,,True,False,7420.881339756717,34764.79465969556,1
XE-5629T,103.6482151,1.330497,2020-10-19 17:06:00,1603127160,346,,,1.0,,,,103.648404,1.330668,,,,,,,,,,True,False,7420.881339756717,34764.79465969556,1
XE-5629T,103.64821,1.33050517,2020-10-19 17:06:05,1603127165,347,3.0,17.0,1.0,,28.124037,OCIBgDkiAYA_AAAAAAAAALUAAAAAAAAALGvSQQAAAAD11JVCAAAAAD8AAAAAAAAAtQAAAAAAAACDCwAAlIwtBuxNFADSiy0GSU0UAAUA7w28byAW,103.648404,1.330668,0.0,0.0,0.0,"[4491946736, 5270389039]",[0],[0],[0],2.0,,False,False,7420.881339756717,34764.79465969556,1
XE-5629T,103.6482053,1.33051467,2020-10-19 17:06:11,1603127171,348,,,1.0,,,,103.648404,1.330668,,,,,,,,,,True,False,7420.881339756717,34764.79465969556,1
XE-5629T,103.648204,1.3305195,2020-10-19 17:06:17,1603127177,349,,,1.0,,,,103.648404,1.330668,,,,,,,,,,True,False,7420.881339756717,34764.79465969556,1
XE-5629T,103.6482026,1.3305215,2020-10-19 17:06:22,1603127182,350,,,1.0,,,,103.648404,1.330668,,,,,,,,,,True,False,7420.881339756717,34764.79465969556,1
XE-5629T,103.6481958,1.33052167,2020-10-19 17:06:27,1603127187,351,,,1.0,,,,103.648404,1.330668,,,,,,,,,,True,False,7420.881339756717,34764.79465969556,1
XE-5629T,103.6481901,1.330522,2020-10-19 17:06:32,1603127192,352,,,1.0,,,,103.648404,1.330668,,,,,,,,,,True,False,7420.881339756717,34764.79465969556,1
XE-5629T,103.6481811,1.3305209999999998,2020-10-19 17:06:37,1603127197,353,,,1.0,,,,103.648404,1.330668,,,,,,,,,,True,False,7420.881339756717,34764.79465969556,1
XE-5629T,103.6481726,1.3305205,2020-10-19 17:06:42,1603127202,354,,,1.0,,,,103.648404,1.330668,,,,,,,,,,True,False,7420.881339756717,34764.79465969556,1
XE-5629T,103.6481643,1.3305165,2020-10-19 17:06:47,1603127207,355,,,1.0,,,,103.648404,1.330668,,,,,,,,,,True,False,7420.881339756717,34764.79465969556,1
XE-5629T,103.6481551,1.33050867,2020-10-19 17:06:52,1603127212,356,,,1.0,,,,103.648404,1.330668,,,,,,,,,,True,False,7420.881339756717,34764.79465969556,1
XE-5629T,103.6481478,1.33050333,2020-10-19 17:06:57,1603127217,357,,,1.0,,,,103.648404,1.330668,,,,,,,,,,True,False,7420.881339756717,34764.79465969556,1
XE-5629T,103.6481471,1.33050033,2020-10-19 17:07:02,1603127222,358,,,1.0,,,,103.648404,1.330668,,,,,,,,,,True,False,7420.881339756717,34764.79465969556,1
XE-5629T,103.6481455,1.3304985,2020-10-19 17:07:07,1603127227,359,,,1.0,,,,103.648404,1.330668,,,,,,,,,,True,False,7420.881339756717,34764.79465969556,1
XE-5629T,103.6481526,1.33050933,2020-10-19 17:07:36,1603127256,360,,,1.0,,,,103.648404,1.330668,,,,,,,,,,True,False,7420.881339756717,34764.79465969556,1
XE-5629T,103.6481525,1.33051067,2020-10-19 17:07:42,1603127262,361,,,1.0,,,,103.648404,1.330668,,,,,,,,,,True,False,7420.881339756717,34764.79465969556,1
XE-5629T,103.6481531,1.330512,2020-10-19 17:07:48,1603127268,362,,,1.0,,,,103.648404,1.330668,,,,,,,,,,True,False,7420.881339756717,34764.79465969556,1
XE-5629T,103.6481565,1.33051217,2020-10-19 17:07:54,1603127274,363,,,1.0,,,,103.648404,1.330668,,,,,,,,,,True,False,7420.881339756717,34764.79465969556,1
XE-5629T,103.6481555,1.330508,2020-10-19 17:08:00,1603127280,364,,,1.0,,,,103.648404,1.330668,,,,,,,,,,True,False,7420.881339756717,34764.79465969556,1
XE-5629T,103.6481571,1.33050533,2020-10-19 17:08:06,1603127286,365,,,1.0,,,,103.648404,1.330668,,,,,,,,,,True,False,7420.881339756717,34764.79465969556,1
XE-5629T,103.6481636,1.330507,2020-10-19 17:08:12,1603127292,366,,,1.0,,,,103.648404,1.330668,,,,,,,,,,True,False,7420.881339756717,34764.79465969556,1
XE-5629T,103.64817,1.330508,2020-10-19 17:08:18,1603127298,367,,,1.0,,,,103.648404,1.330668,,,,,,,,,,True,False,7420.881339756717,34764.79465969556,1
XE-5629T,103.6481708,1.33050767,2020-10-19 17:08:23,1603127303,368,,,1.0,,,,103.648404,1.330668,,,,,,,,,,True,False,7420.881339756717,34764.79465969556,1
XE-5629T,103.6481763,1.33050917,2020-10-19 17:08:28,1603127308,369,,,1.0,,,,103.648404,1.330668,,,,,,,,,,True,False,7420.881339756717,34764.79465969556,1
XE-5629T,103.648185,1.33051283,2020-10-19 17:08:34,1603127314,370,3.0,18.0,1.0,,29.795015000000003,OCIBADkiAYA_AAAAAAAAALUAAAAAAAAALGvSQQAAAAD11JVCAAAAAD8AAAAAAAAAtQAAAAAAAACDCwAAlIwtBuxNFAC5iy0GUU0UAAUA7w28byAW,103.648404,1.330668,0.0,0.0,0.0,"[4491946736, 5270389039]",[0],[0],[0],2.0,,False,False,7420.881339756717,34764.79465969556,1
XE-5629T,103.6481935,1.33051567,2020-10-19 17:08:39,1603127319,371,,,1.0,,,,103.648404,1.330668,,,,,,,,,,True,False,7420.881339756717,34764.79465969556,1
XE-5629T,103.6481988,1.33051633,2020-10-19 17:08:44,1603127324,372,,,1.0,,,,103.648404,1.330668,,,,,,,,,,True,False,7420.881339756717,34764.79465969556,1
XE-5629T,103.6482023,1.33051617,2020-10-19 17:08:50,1603127330,373,,,1.0,,,,103.648404,1.330668,,,,,,,,,,True,False,7420.881339756717,34764.79465969556,1
XE-5629T,103.6482035,1.33051467,2020-10-19 17:08:55,1603127335,374,,,1.0,,,,103.648404,1.330668,,,,,,,,,,True,False,7420.881339756717,34764.79465969556,1
XE-5629T,103.648206,1.33050817,2020-10-19 17:09:00,1603127340,375,,,1.0,,,,103.648404,1.330668,,,,,,,,,,True,False,7420.881339756717,34764.79465969556,1
XE-5629T,103.6482138,1.33050133,2020-10-19 17:09:06,1603127346,376,,,1.0,,,,103.648404,1.330668,,,,,,,,,,True,False,7420.881339756717,34764.79465969556,1
XE-5629T,103.6482013,1.33050567,2020-10-19 17:10:00,1603127400,377,,,1.0,,,,103.648404,1.330668,,,,,,,,,,True,False,7420.881339756717,34764.79465969556,1
XE-5629T,103.648197,1.33050667,2020-10-19 17:10:06,1603127406,378,,,1.0,,,,103.648404,1.330668,,,,,,,,,,True,False,7420.881339756717,34764.79465969556,1
XE-5629T,103.6481961,1.3305065,2020-10-19 17:10:11,1603127411,379,,,1.0,,,,103.648404,1.330668,,,,,,,,,,True,False,7420.881339756717,34764.79465969556,1
XE-5629T,103.6481955,1.33050633,2020-10-19 17:10:16,1603127416,380,,,1.0,,,,103.648404,1.330668,,,,,,,,,,True,False,7420.881339756717,34764.79465969556,1
XE-5629T,103.6481923,1.33050717,2020-10-19 17:10:21,1603127421,381,,,1.0,,,,103.648404,1.330668,,,,,,,,,,True,False,7420.881339756717,34764.79465969556,1
XE-5629T,103.6481936,1.33051183,2020-10-19 17:10:26,1603127426,382,,,1.0,,,,103.648404,1.330668,,,,,,,,,,True,False,7420.881339756717,34764.79465969556,1
XE-5629T,103.6481968,1.33051767,2020-10-19 17:10:31,1603127431,383,,,1.0,,,,103.648404,1.330668,,,,,,,,,,True,False,7420.881339756717,34764.79465969556,1
XE-5629T,103.6481966,1.3305225,2020-10-19 17:10:36,1603127436,384,,,1.0,,,,103.648404,1.330668,,,,,,,,,,True,False,7420.881339756717,34764.79465969556,1
XE-5629T,103.6481953,1.33052533,2020-10-19 17:10:41,1603127441,385,,,1.0,,,,103.648404,1.330668,,,,,,,,,,True,False,7420.881339756717,34764.79465969556,1
XE-5629T,103.6481906,1.33052417,2020-10-19 17:10:46,1603127446,386,,,1.0,,,,103.648404,1.330668,,,,,,,,,,True,False,7420.881339756717,34764.79465969556,1
XE-5629T,103.6481856,1.33052217,2020-10-19 17:10:51,1603127451,387,,,1.0,,,,103.648404,1.330668,,,,,,,,,,True,False,7420.881339756717,34764.79465969556,1
XE-5629T,103.6481865,1.33052067,2020-10-19 17:10:56,1603127456,388,,,1.0,,,,103.648404,1.330668,,,,,,,,,,True,False,7420.881339756717,34764.79465969556,1
XE-5629T,103.6481956,1.33051967,2020-10-19 17:11:02,1603127462,389,,,1.0,,,,103.648404,1.330668,,,,,,,,,,True,False,7420.881339756717,34764.79465969556,1
XE-5629T,103.6481973,1.33051633,2020-10-19 17:11:07,1603127467,390,,,1.0,,,,103.648404,1.330668,,,,,,,,,,True,False,7420.881339756717,34764.79465969556,1
XE-5629T,103.6481941,1.33051317,2020-10-19 17:11:12,1603127472,391,,,1.0,,,,103.648404,1.330668,,,,,,,,,,True,False,7420.881339756717,34764.79465969556,1
XE-5629T,103.6481871,1.33051233,2020-10-19 17:11:18,1603127478,392,,,1.0,,,,103.648404,1.330668,,,,,,,,,,True,False,7420.881339756717,34764.79465969556,1
XE-5629T,103.6481791,1.3305125,2020-10-19 17:11:23,1603127483,393,,,1.0,,,,103.648404,1.330668,,,,,,,,,,True,False,7420.881339756717,34764.79465969556,1
XE-5629T,103.6481698,1.330512,2020-10-19 17:11:29,1603127489,394,,,1.0,,,,103.648404,1.330668,,,,,,,,,,True,False,7420.881339756717,34764.79465969556,1
XE-5629T,103.6481653,1.33051283,2020-10-19 17:11:34,1603127494,395,5.0,19.0,1.0,,31.641683,OCIBgDkiAYA_AAAAAAAAALUAAAAAAAAALGvSQQAAAAD11JVCAAAAAD8AAAAAAAAAtQAAAAAAAACDCwAAlIwtBuxNFACliy0GUU0UAAUA7w28byAW,103.648404,1.330668,0.0,0.0,0.0,"[4491946736, 5270389039]",[0],[0],[0],2.0,,False,False,7420.881339756717,34764.79465969556,1
XE-5629T,103.6481641,1.33051483,2020-10-19 17:11:39,1603127499,396,,,1.0,,,,103.648404,1.330668,,,,,,,,,,True,False,7420.881339756717,34764.79465969556,1
XE-5629T,103.6481603,1.33051583,2020-10-19 17:11:44,1603127504,397,,,1.0,,,,103.648404,1.330668,,,,,,,,,,True,False,7420.881339756717,34764.79465969556,1
XE-5629T,103.6481618,1.33051467,2020-10-19 17:11:49,1603127509,398,,,1.0,,,,103.648404,1.330668,,,,,,,,,,True,False,7420.881339756717,34764.79465969556,1
XE-5629T,103.6481631,1.33051517,2020-10-19 17:11:54,1603127514,399,,,1.0,,,,103.648404,1.330668,,,,,,,,,,True,False,7420.881339756717,34764.79465969556,1
XE-5629T,103.6481705,1.33051567,2020-10-19 17:11:59,1603127519,400,,,1.0,,,,103.648404,1.330668,,,,,,,,,,True,False,7420.881339756717,34764.79465969556,1
XE-5629T,103.6481873,1.33051817,2020-10-19 17:12:04,1603127524,401,,,1.0,,,,103.648404,1.330668,,,,,,,,,,True,False,7420.881339756717,34764.79465969556,1
XE-5629T,103.6482018,1.33052117,2020-10-19 17:12:10,1603127530,402,,,1.0,,,,103.648404,1.330668,,,,,,,,,,True,False,7420.881339756717,34764.79465969556,1
XE-5629T,103.6482163,1.33052233,2020-10-19 17:12:16,1603127536,403,,,1.0,,,,103.648404,1.330668,,,,,,,,,,True,False,7420.881339756717,34764.79465969556,1
XE-5629T,103.6482218,1.33052067,2020-10-19 17:12:21,1603127541,404,,,1.0,,,,103.648404,1.330668,,,,,,,,,,True,False,7420.881339756717,34764.79465969556,1
XE-5629T,103.6482335,1.33052217,2020-10-19 17:12:27,1603127547,405,,,1.0,,,,103.648404,1.330668,,,,,,,,,,True,False,7420.881339756717,34764.79465969556,1
XE-5629T,103.6482345,1.3305209999999998,2020-10-19 17:12:33,1603127553,406,,,1.0,,,,103.648404,1.330668,,,,,,,,,,True,False,7420.881339756717,34764.79465969556,1
XE-5629T,103.6482326,1.33052367,2020-10-19 17:12:38,1603127558,407,,,1.0,,,,103.648404,1.330668,,,,,,,,,,True,False,7420.881339756717,34764.79465969556,1
XE-5629T,103.6482203,1.3305285,2020-10-19 17:12:44,1603127564,408,,,1.0,,,,103.648404,1.330668,,,,,,,,,,True,False,7420.881339756717,34764.79465969556,1
XE-5629T,103.6482098,1.330532,2020-10-19 17:12:49,1603127569,409,,,1.0,,,,103.648404,1.330668,,,,,,,,,,True,False,7420.881339756717,34764.79465969556,1
XE-5629T,103.648204,1.3305345,2020-10-19 17:12:54,1603127574,410,,,1.0,,,,103.648404,1.330668,,,,,,,,,,True,False,7420.881339756717,34764.79465969556,1
XE-5629T,103.648201,1.33053383,2020-10-19 17:13:00,1603127580,411,,,1.0,,,,103.648404,1.330668,,,,,,,,,,True,False,7420.881339756717,34764.79465969556,1
XE-5629T,103.648202,1.33053133,2020-10-19 17:13:06,1603127586,412,,,1.0,,,,103.648404,1.330668,,,,,,,,,,True,False,7420.881339756717,34764.79465969556,1
XE-5629T,103.6482016,1.33053317,2020-10-19 17:13:12,1603127592,413,,,1.0,,,,103.648404,1.330668,,,,,,,,,,True,False,7420.881339756717,34764.79465969556,1
XE-5629T,103.6482005,1.33053383,2020-10-19 17:13:17,1603127597,414,,,1.0,,,,103.648404,1.330668,,,,,,,,,,True,False,7420.881339756717,34764.79465969556,1
XE-5629T,103.6482038,1.33053533,2020-10-19 17:13:22,1603127602,415,,,1.0,,,,103.648404,1.330668,,,,,,,,,,True,False,7420.881339756717,34764.79465969556,1
XE-5629T,103.6482096,1.3305365,2020-10-19 17:13:27,1603127607,416,8.0,20.0,1.0,,25.998968,OCIBgDkiAQA_AAAAAAAAALUAAAAAAAAALGvSQQAAAAD11JVCAAAAAD8AAAAAAAAAtQAAAAAAAACDCwAAlIwtBuxNFADSiy0GaU0UAAUA7w28byAW,103.648404,1.330668,0.0,0.0,0.0,"[5270389039, 4491946736]",[0],[0],[0],2.0,,False,False,7420.881339756717,34764.79465969556,1
XE-5629T,103.6482173,1.33053567,2020-10-19 17:13:32,1603127612,417,,,1.0,,,,103.648404,1.330668,,,,,,,,,,True,False,7420.881339756717,34764.79465969556,1
XE-5629T,103.6482185,1.33053417,2020-10-19 17:13:37,1603127617,418,,,1.0,,,,103.648404,1.330668,,,,,,,,,,True,False,7420.881339756717,34764.79465969556,1
XE-5629T,103.6482226,1.330532,2020-10-19 17:13:42,1603127622,419,,,1.0,,,,103.648404,1.330668,,,,,,,,,,True,False,7420.881339756717,34764.79465969556,1
XE-5629T,103.648223,1.3305325,2020-10-19 17:13:48,1603127628,420,,,1.0,,,,103.648404,1.330668,,,,,,,,,,True,False,7420.881339756717,34764.79465969556,1
XE-5629T,103.6482153,1.33053183,2020-10-19 17:13:54,1603127634,421,,,1.0,,,,103.648404,1.330668,,,,,,,,,,True,False,7420.881339756717,34764.79465969556,1
XE-5629T,103.6482111,1.330531,2020-10-19 17:13:59,1603127639,422,,,1.0,,,,103.648404,1.330668,,,,,,,,,,True,False,7420.881339756717,34764.79465969556,1
XE-5629T,103.6481991,1.3305325,2020-10-19 17:14:05,1603127645,423,,,1.0,,,,103.648404,1.330668,,,,,,,,,,True,False,7420.881339756717,34764.79465969556,1
XE-5629T,103.6481931,1.3305345,2020-10-19 17:14:10,1603127650,424,,,1.0,,,,103.648404,1.330668,,,,,,,,,,True,False,7420.881339756717,34764.79465969556,1
XE-5629T,103.648196,1.33053967,2020-10-19 17:14:16,1603127656,425,,,1.0,,,,103.648404,1.330668,,,,,,,,,,True,False,7420.881339756717,34764.79465969556,1
XE-5629T,103.6481965,1.3305435,2020-10-19 17:14:21,1603127661,426,,,1.0,,,,103.648404,1.330668,,,,,,,,,,True,False,7420.881339756717,34764.79465969556,1
XE-5629T,103.6481998,1.33054367,2020-10-19 17:14:26,1603127666,427,,,1.0,,,,103.648404,1.330668,,,,,,,,,,True,False,7420.881339756717,34764.79465969556,1
XE-5629T,103.6482061,1.33054367,2020-10-19 17:14:31,1603127671,428,,,1.0,,,,103.648404,1.330668,,,,,,,,,,True,False,7420.881339756717,34764.79465969556,1
XE-5629T,103.64821,1.33054133,2020-10-19 17:14:36,1603127676,429,,,1.0,,,,103.648404,1.330668,,,,,,,,,,True,False,7420.881339756717,34764.79465969556,1
XE-5629T,103.6482046,1.33053783,2020-10-19 17:14:41,1603127681,430,,,1.0,,,,103.648404,1.330668,,,,,,,,,,True,False,7420.881339756717,34764.79465969556,1
XE-5629T,103.6482006,1.33053333,2020-10-19 17:14:46,1603127686,431,,,1.0,,,,103.648404,1.330668,,,,,,,,,,True,False,7420.881339756717,34764.79465969556,1
XE-5629T,103.648198,1.33053033,2020-10-19 17:14:51,1603127691,432,,,1.0,,,,103.648404,1.330668,,,,,,,,,,True,False,7420.881339756717,34764.79465969556,1
XE-5629T,103.6481968,1.33053417,2020-10-19 17:14:56,1603127696,433,,,1.0,,,,103.648404,1.330668,,,,,,,,,,True,False,7420.881339756717,34764.79465969556,1
XE-5629T,103.6481953,1.33053967,2020-10-19 17:15:01,1603127701,434,,,1.0,,,,103.648404,1.330668,,,,,,,,,,True,False,7420.881339756717,34764.79465969556,1
XE-5629T,103.6481953,1.3305435,2020-10-19 17:15:06,1603127706,435,,,1.0,,,,103.648404,1.330668,,,,,,,,,,True,False,7420.881339756717,34764.79465969556,1
XE-5629T,103.648197,1.33054417,2020-10-19 17:15:12,1603127712,436,,,1.0,,,,103.648404,1.330668,,,,,,,,,,True,False,7420.881339756717,34764.79465969556,1
XE-5629T,103.6481998,1.3305415,2020-10-19 17:15:18,1603127718,437,,,1.0,,,,103.648404,1.330668,,,,,,,,,,True,False,7420.881339756717,34764.79465969556,1
XE-5629T,103.6482098,1.33053817,2020-10-19 17:15:23,1603127723,438,,,1.0,,,,103.648404,1.330668,,,,,,,,,,True,False,7420.881339756717,34764.79465969556,1
XE-5629T,103.6482193,1.33053433,2020-10-19 17:15:28,1603127728,439,,,1.0,,,,103.648404,1.330668,,,,,,,,,,True,False,7420.881339756717,34764.79465969556,1
XE-5629T,103.6482303,1.330529,2020-10-19 17:15:33,1603127733,440,9.0,21.0,1.0,,24.722337,OCIBgDkiAQA_AAAAAAAAALUAAAAAAAAALGvSQQAAAAD11JVCAAAAAD8AAAAAAAAAtQAAAAAAAACDCwAAlIwtBuxNFADmiy0GYU0UAAUA7w28byAW,103.648404,1.330668,0.0,0.0,0.0,"[5270389039, 4491946736]",[0],[0],[0],2.0,,False,False,7420.881339756717,34764.79465969556,1
XE-5629T,103.6482335,1.33052383,2020-10-19 17:15:38,1603127738,441,21.0,22.0,1.0,,24.727514000000003,OCIBgDkiAQA_AAAAAAAAALUAAAAAAAAALGvSQQAAAAD11JVCAAAAAD8AAAAAAAAAtQAAAAAAAACDCwAAlIwtBuxNFADqiy0GXE0UAAUA7w28byAW,103.648404,1.330668,0.0,0.0,0.0,"[5270389039, 4491946736]",[0],[0],[0],2.0,,False,False,7420.881339756717,34764.79465969556,1
